slug,station_id,order
river-bourne-addlestone,7224,1
river-bourne-addlestone,7225,2
alconbury-brook,6075,1
alconbury-brook,6161,2
alconbury-brook,6150,3
aldford-brook,4174,1
aldingbourne-rife,9254,1
aller-brook,3204,1
allison-dike,9324,1
alverthorpe-beck,8311,1
alverthorpe-beck,8353,2
alwen,4166,1
alyn,4186,1
alyn,4242,2
alyn,4243,3
alyn,4182,4
alyn,4244,5
ampney-brook,7021,1
ampney-brook,7022,2
arkle-beck,8168,1
arrowe-brook,5002,1
ashbrooke,2199,1
atherfield-brook,9171,1
babingley-river,6248,1
back-delfin,9147,1
badsey-brook,9484,1
badsey-brook,9483,2
badsey-brook,2015,3
bagley-brook,2210,1
bagley-dike,9328,1
baguley-brook,5197,1
baildon-dike,9334,1
balne-beck,9046,1
balne-beck,9399,2
barbourne-brook,2235,1
barbourne-brook,2236,2
bardsey-beck,8236,1
barge-canal,9235,1
barlings-eau,6052,1
barmston-drain,9361,1
barnham-rife,9251,1
bartley-water,9170,1
bartley-water,9221,2
bartley-water,9264,3
bartley-water,9263,4
barton-haven,6242,1
batley-beck,9032,1
batley-beck,8348,2
batley-beck,8347,3
bear-brook,7091,1
beaulieu-river,9201,1
beaulieu-river,9239,2
beaulieu-river,9238,3
bechan-brook,4259,1
bedale-beck,9142,1
bedburn-beck,8018,1
beverley-brook,7292,1
beverley-brook,7293,2
beverley-brook,7297,3
beverley-brook,7298,4
beverley-brook,7299,5
bickerly-mill-stream,9227,1
bielby-beck,9145,1
billinghay-skirth,6071,1
billinghay-skirth,6227,2
bin-brook,6246,1
bishop-monkton-beck,8229,1
black-brook-leicestershire,2161,1
blackburn-brook,8341,1
blackburn-brook,8261,2
blackfoss-beck,9144,1
blacup-beck,8297,1
bloxham-brook,7061,1
blue-beck,8332,1
bodmin-town-leat,3395,1
bolingey-stream,3173,1
bosham-stream,9255,1
bottle-brook,2191,1
boundary-brook,9365,1
bourn-brook,6262,1
bourn-brook,6197,2
bourne-brook,9111,1
bourne-rivulet,9231,1
bourne-rivulet,9205,2
bow-brook,2224,1
bow-brook,2010,2
bowmont-water,8375,1
bradford-beck,9390,1
bradford-beck,9048,2
bradiford-water,3109,1
bradley-brook,3411,1
bramham-beck,8329,1
brampton-branch,6218,1
brampton-branch,6118,2
brampton-branch,6122,3
brampton-branch,6102,4
bridgehouse-beck,9039,1
brinkworth-brook,9122,1
brinkworth-brook,3419,2
brislington-brook,3032,1
river-frome-bristol,3009,1
river-frome-bristol,3023,2
river-frome-bristol,3029,3
river-frome-bristol,3036,4
river-frome-bristol,3413,5
river-frome-bristol,3412,6
broad-fleet,5110,1
brompton-beck,8188,1
brook-dike,8254,1
brough-beck,8283,1
brough-beck,9344,2
brough-beck,8284,3
broughton-beck,8035,1
broughton-brook,6164,1
browney-dyke,9386,1
brownwich-stream,9176,1
buck-beck,9304,1
budleigh-brook,3348,1
budleigh-brook,3236,2
bulstake-stream,7075,1
bumpstead-brook,6133,1
burrow-beck,5185,1
burstow-stream,7255,1
burstow-stream,7256,2
burstwick-drain,8239,1
bury-brook,6256,1
bushy-beck,9321,1
by-brook,3022,1
by-brook,3040,2
caker-stream,7228,1
camlad,4263,1
candover-stream,1050,1
canley-brook,9110,1
canley-brook,9097,2
cannington-brook,3378,1
cannon-brook,9307,1
canons-brook,7355,1
carnon-river,3161,1
carr-brook,9327,1
catcliffe-drain,8322,1
ceiriog,4162,1
chad-brook,6136,1
chalgrove-brook,7404,1
charlton-brook,8318,1
cheddar-yeo,3410,1
cheriton-stream,1057,1
river-bourne-chertsey,7217,1
river-bourne-chertsey,7218,2
river-bourne-chertsey,7219,3
river-bourne-chertsey,7220,4
chew-stoke-brook,3031,1
ching-brook,7008,1
ching-brook,7373,2
chitterne-brook,3321,1
clackers-brook,9279,1
clanfield-brook,7039,1
clay-coton-brook,9057,1
clipstone-brook,6156,1
clow-beck,8362,1
coal-burn,5033,1
coastal-stream,3387,1
cobbins-brook,7363,1
cobbins-brook,7364,2
cock-beck,9350,1
cocker-beck,2215,1
cockers-dyke,5113,1
cockshaw-burn,8270,1
cockshaw-burn,8271,2
cockshaw-burn,8273,3
cod-beck,8286,1
cod-beck,8287,2
cod-beck,8063,3
colliters-brook,3033,1
colne-brook,7199,1
colne-brook,9297,2
colne-brook,7212,3
colne-brook,7208,4
colne-water,5188,1
combe-haven,1166,1
coney-gut,3117,1
coney-gut,3108,2
congresbury-yeo,3060,1
cove-brook,9408,1
cove-brook,7400,2
cragg-brook,8321,1
cranleigh-waters,7233,1
cranleigh-waters,7235,2
cripsey-brook,7377,1
cripsey-brook,7378,2
cuckmere-pevensey-levels,1167,1
cundall-beck,8016,1
cunsey-beck,5209,1
currymoor-drain,3064,1
dacre-beck,5040,1
danes-stream,9210,1
danes-stream,9208,2
daniels-brook,2183,1
daniels-brook,9416,2
dauntsey-brook,3030,1
dawlish-water,3404,1
day-brook,2231,1
de-lank-river,3136,1
dean,5133,1
dean-bottom-beck,8301,1
deans-brook,7283,1
dimore-brook,2229,1
dimore-brook,2221,2
docken-s-water,3313,1
dollis-brook,7278,1
dollis-brook,7279,2
doniford-stream,9261,1
doniford-stream,3087,2
doniford-stream,3090,3
dorcan-brook,7029,1
river-frome-dorset,3278,1
river-frome-dorset,3277,2
river-frome-dorset,3272,3
river-frome-dorset,3275,4
river-frome-dorset,3280,5
dover-beck,2232,1
dovers-brook,5227,1
dowles-brook,2023,1
dragley-beck,9241,1
ea-beck,8243,1
ea-beck,8244,2
ea-beck,8151,3
eagley-brook,5200,1
earby-beck,8070,1
earby-beck,8250,2
east-clandon-stream,7238,1
east-dart-river,3215,1
east-fen-catchwater,6229,1
east-glen-river,6033,1
east-glen-river,6040,2
east-lyn-river,3099,1
east-okement-river,3407,1
east-stour-kent,1129,1
east-stour-kent,9140,2
east-wilder-brook,3359,1
eastburn-beck,8252,1
eastburn-beck,8060,2
eastern-yar,9184,1
eastern-yar,9168,2
eastern-yar,9185,3
eastern-yar,9215,4
eastern-yar,1018,5
edgware-brook,7284,1
egginton-brook,9079,1
eller-beck,9315,1
eller-beck,9316,2
eller-beck,8187,3
eller-beck,9317,4
elvington-beck,9357,1
emm-brook,7153,1
emral-brook,4168,1
endon-brook,9105,1
eridge-stream,1076,1
ewelme-brook,7098,1
exminster-marshes,3253,1
exminster-marshes,3241,2
farnley-beck,8306,1
fenay-beck,8260,1
ferring-rife,9260,1
finham-brook,9056,1
fishlake-stream,9195,1
western-drain,8373,1
fleet-drain,8338,2
flood-channel,2096,1
ford-brook,9087,1
ford-green-brook,9098,1
fosdyke-canal,6047,1
foston-beck,6066,1
foston-brook,9088,1
foudry-brook,7130,1
fowlea-brook,9086,1
fowler-bridge-drain,9288,1
frays-river,7197,1
frays-river,7205,2
frodingham-beck,9362,1
gaddesby-brook,2214,1
gatwick-stream,7251,1
gatwick-stream,7252,2
gatwick-stream,7253,3
gauze-brook,3018,1
gelyn,4164,1
gilwiskaw-brook,9092,1
ginge-brook,7082,1
glaze-brook,5228,1
glen-stream,3234,1
glenridding-beck,9113,1
glossop-brook,5079,1
gowdall-ings,8344,1
grace-dieu-brook,2233,1
great-stour-kent,1132,1
great-stour-kent,1137,2
great-stour-kent,1133,3
great-stour-kent,1145,4
great-stour-kent,1135,5
great-stour-kent,9274,6
great-stour-kent,1143,7
great-stour-kent,9148,8
great-stour-kent,1134,9
great-stour-kent,9130,10
great-stour-kent,9083,11
green-dyke,9384,1
grimescar-dike,9323,1
gurnard-luck,1046,1
gwyle,3421,1
gypsey-race,8029,1
hagnaby-beck,6231,1
halse-water,3081,1
harpers-brook,9396,1
harpers-brook,6105,2
hart-burn,8092,1
hartburn-beck,8363,1
harwood-beck,8093,1
hatherley-brook,2207,1
hatherley-brook,2208,2
haweswater-beck,5025,1
haweswater-reservoir,5211,1
hawkcombe-stream,3396,1
heacham-river,6268,1
hebble-brook,9319,1
hebden-water,8152,1
heighington-beck,6061,1
hellifield-beck,5191,1
henmore-brook,9069,1
henmore-brook,2126,2
hermitage-stream,9202,1
hillfarrance-brook,3084,1
hilton-brook,9101,1
hinksey-stream,9120,1
hinksey-stream,7076,2
hodge-beck,8045,1
hoe-stream,7241,1
hogsmill-river,7264,1
hogsmill-river,7265,2
hogsmill-river,7266,3
hol-beck,9153,1
holderness-drain,8383,1
holderness-drain,9389,2
holderness-drain,8382,3
holgate-beck,8234,1
holme-brook,9033,1
honddu,4031,1
horner-water,3091,1
horsbere-brook,2179,1
horsbere-brook,9028,2
horsbere-brook,2222,3
horsbere-brook,9294,4
horsbere-brook,2180,5
hovingham-beck,8230,1
hughenden-stream,7159,1
huish-level-rhyne,3065,1
huntingfield-watercourse,6090,1
ifield-brook,7249,1
ings-beck,8312,1
ings-beck,8065,2
irfon,4001,1
irfon,4010,2
ithon,4018,1
ithon,4012,2
jubilee-river,7164,1
kelbrook-beck,9313,1
kenwith-stream,3405,1
kielder-burn,8111,1
killhope-burn,8212,1
kilton-beck,8185,1
kingsclere-brook,7127,1
kyd-brook,7322,1
kyd-brook,7323,2
kyd-brook,7324,3
kyd-brook,7325,4
kyd-brook,7326,5
kyd-brook-east-branch,7321,1
kyre-brook,2198,1
kyre-brook,2197,2
laceby-beck,6243,1
laceby-beck,6244,2
landkey-brook,3107,1
lands-beck,8302,1
langford-brook,7069,1
lariggan-river,3390,1
law-brook,7237,1
ledwyche-brook,2088,1
leigh-brook,2070,1
letcombe-brook,7004,1
letcombe-brook,7080,2
letcombe-brook,7079,3
levisham-beck,8125,1
lilley-brook,2209,1
limey-water,5116,1
little-avon-river,9370,1
little-dart-river,3118,1
little-salt-moor-rhyne,3400,1
little-stour,1139,1
littlemead-brook,7234,1
litton-cheney-stream,3288,1
lledan-brook,2089,1
llynfi,4032,1
lochinvar-beck,5213,1
long-brook,3198,1
longload-main-drain,3379,1
longwood-brook,9322,1
low-moor-beck,9391,1
lukely-brook,9186,1
lukely-brook,9204,2
lustrum-beck,8275,1
lyme-brook,9099,1
lymington,1062,1
lymington,1060,2
lymington,9262,3
lymington,1024,4
maidenhead-ditch,7168,1
manacan-river,3388,1
mangerton-brook,3284,1
marchington-brook,9103,1
marston-meysey-brook,7023,1
marton-west-beck,9018,1
marton-west-beck,9351,2
maud-foster-stonebridge-drain,6230,1
meadlake-ditch,7408,1
meanwood-beck,8327,1
mearley-brook,5222,1
medbourne-brook,6038,1
medbourne-brook,6032,2
meece-brook,9112,1
mells-river,3024,1
mells-river,3050,2
merrow-common-stream,7236,1
mevagissey-stream,3393,1
mickley-dyke,9378,1
midford-brook,3045,1
mill-beck-back-delphin,9359,1
mill-beck-derwent,9343,1
mill-bourne,7223,1
mill-brook-oxfordshire,7103,1
mimmshall-brook,7176,1
mimmshall-brook,7177,2
mires-beck,8238,1
monk-dyke,9383,1
monks-brook,1051,1
monks-brook,1058,2
monksilver-stream,3086,1
monktonmead-brook,9217,1
monktonmead-brook,9209,2
monnow,4015,1
monnow,4049,2
monnow,4024,3
moors-burn,8274,1
uddens-water,9397,1
uddens-water,9398,2
moors-river,3301,1
mutton-brook,7281,1
nailbourne,1131,1
nazeing-brook,7360,1
netherley-brook,5203,1
nettleham-beck,9287,1
new-cut,2095,1
norbury-brook,7306,1
north-drain,3053,1
northmoor-main-drain,3415,1
northmoor-main-drain,3061,2
nunney-brook,3005,1
oakenshaw-beck,8255,1
oakington-brook,6295,1
oakley-cross-beck,8155,1
ogden-brook,5082,1
old-bedford-river,6252,1
counter-drain,6261,2
old-bedford-river,6245,2
old-mill-stream,1130,1
oldbury-naite-rhyne,9291,1
oldbury-naite-rhyne,9290,2
ormesby-beck,8374,1
oulton-beck,9400,1
oulton-beck,8075,2
ouse-burn,8222,1
ouse-burn,8085,2
ouse-burn,8058,3
ousemere-lode,6224,1
oxlease-drain,9174,1
par-river,3159,1
par-river,3167,2
penberth-stream,3339,1
pendle-water,5118,1
pendle-water,5087,2
pendle-water,5011,3
pent-stream,9022,1
perrancombe-stream,3175,1
perrancombe-stream,3168,2
ponsandane-stream,3391,1
petersfield-stream,9234,1
petersfield-stream,9233,2
petty-s-brook,7135,1
pickering-beck,8126,1
pickering-beck,9005,2
pickering-beck,8161,3
pickering-beck,8330,4
picknall-brook,9104,1
piddle-brook,2223,1
pillhill-brook,9222,1
pimlico-brook,5192,1
pincey-brook,7352,1
pishiobury-brook,7354,1
pocklington-beck,8279,1
pointon-lode,6222,1
porter-brook,8339,1
porter-brook,8340,2
poyle-channel,7206,1
poynton-brook,5201,1
praze-stream,3158,1
priorpot-beck,9340,1
pyl-brook,7294,1
pyl-brook,7295,2
pyl-brook,7296,3
pymmes-brook,7370,1
pymmes-brook,7371,2
pymmes-brook,7372,3
quy-water,6272,1
radlett-brook,7175,1
borehamwood-brook,7006,1
rags-brook,7359,1
rattlesden-river,6091,1
rea-brook,9502,1
rea-brook,2013,2
red-cornwall,3389,1
red-hertfordshire,7181,1
redhill-brook,7258,1
ridings-brook,9107,1
rising-brook,9084,1
river-adur,1006,1
river-adur,1001,2
river-adur,1032,3
river-aire,9471,1
river-aire,8083,2
river-aire,8189,3
river-aire,8054,4
river-aire,8112,5
river-aire,8199,6
river-aire,8345,7
river-aire,8056,8
river-aire,8346,9
river-aire,9017,10
river-aire,8120,11
river-aire,8009,12
river-aire,8061,13
river-aire,9151,14
river-aire,9152,15
river-aire,8079,16
river-aire,9310,17
river-aire,9309,18
river-aire,9311,19
river-aire,8320,20
river-aire,8042,21
river-aire,9312,22
river-aire,8077,23
river-aire,8122,24
river-aire,9042,25
river-aire,8017,26
river-aire,8350,27
river-aire,8294,28
river-aire,8041,29
river-aire,8003,30
river-alde,6085,1
river-alde,6298,2
river-alde,6296,3
river-allen-dorset,9007,1
river-allen-dorset,3299,2
river-allen-cornwall-north,3145,1
river-allen-cornwall-south,3171,1
river-aller,3092,1
river-alne,2083,1
river-alne,2048,2
river-alre,1053,1
river-alre,9193,2
river-alt,5078,1
river-alver,9175,1
river-amber,2120,1
river-ancholme,6239,1
river-ancholme,6241,2
river-ancholme,6016,3
river-anker,9064,1
river-anker,9063,2
river-anker,2112,3
river-ant,6216,1
river-anton,9169,1
river-anton,9198,2
river-anton,9199,3
river-arrow-herefordshire,4020,1
river-arrow-herefordshire,4035,2
river-arrow-herefordshire,2195,3
river-arrow-warwickshire,2047,1
river-arrow-warwickshire,2052,2
river-arun,9243,1
river-arun,1165,2
river-arun,1168,3
river-arun,1014,4
river-arun,1017,5
river-arun,9245,6
river-arun,1011,7
river-arun,9248,8
river-arun,1162,9
river-ash-hertfordshire,7345,1
river-ash-hertfordshire,7346,2
river-ash-hertfordshire,7347,3
river-ash-middlesex,7247,1
river-ash-middlesex,7248,2
river-ashburn,3221,1
river-ashburn,3222,2
river-asker,3290,1
river-asker,3283,2
river-avon-hampshire,3323,1
river-avon-hampshire,3324,2
river-avon-hampshire,3325,3
river-avon-hampshire,3374,4
river-avon-hampshire,3375,5
river-avon-hampshire,3370,6
river-avon-hampshire,3315,7
river-avon-hampshire,3314,8
river-avon-hampshire,3320,9
river-avon-warwickshire,2042,1
river-avon-warwickshire,2043,2
river-avon-warwickshire,9072,3
river-avon-warwickshire,2044,4
river-avon-warwickshire,2046,5
river-avon-warwickshire,2234,6
river-avon-warwickshire,2002,7
river-avon-warwickshire,2049,8
river-avon-warwickshire,9025,9
river-avon-warwickshire,2056,10
river-avon-warwickshire,2050,11
river-avon-devon,3220,1
river-avon-devon,3218,2
river-avon-bristol,3027,1
river-avon-bristol,3016,2
river-avon-bristol,3041,3
river-avon-bristol,3042,4
river-avon-bristol,3043,5
river-avon-bristol,3416,6
river-avon-bristol,3414,7
river-avon-bristol,3037,8
river-avon-bristol,3013,9
river-avon-bristol,3014,10
river-avon-corsham,9123,1
river-axe-somerset,3059,1
river-axe-devon,3227,1
river-axe-devon,3350,2
river-axe-devon,3229,3
river-axe-devon,3238,4
river-bain,6063,1
river-bain,6060,2
river-bain,6041,3
river-banwy,2062,1
river-barle,3242,1
river-barle,3257,2
river-batherm,3345,1
river-beal,5229,1
river-beal,5134,2
river-beam,7383,1
river-beane,7337,1
river-beane,7340,2
river-beane,7339,3
river-beane,7341,4
river-beult,1086,1
river-beult,1085,2
river-bela,5163,1
river-birket,5041,1
river-birket,5053,2
river-biss,3047,1
lambrok-stream,9121,1
river-blackwater-new-forest,9212,1
river-blackwater-essex,6142,1
river-blackwater-essex,6143,2
river-blackwater-loddon,7137,1
river-blackwater-loddon,7140,2
river-blackwater-loddon,7142,3
river-blackwater-loddon,7143,4
river-blackwater-loddon,7149,5
river-blackwater-loddon,7150,6
river-blakewater,5064,2
river-blakewater,9445,1
river-blithe,9089,1
river-blithe,9090,2
river-blithe,9081,3
river-blyth,8291,1
river-blyth,8026,2
river-blythe,2151,1
river-blythe,2143,2
river-bollin,5102,1
river-bollin,5114,2
river-bollin,5153,3
river-bollin,5016,4
river-bourne-wiltshire,3311,1
river-bourne-wiltshire,3310,2
river-bourne-wiltshire,3319,3
river-bourne-wiltshire,3309,4
river-bourne-kent,1073,1
river-bovey,3225,1
river-bovey,3207,2
river-box,6080,1
river-box,6081,2
river-boyd,3021,1
river-boyd,3039,2
river-brain,6144,1
river-brant,6053,1
river-brant,6221,2
river-brathay,5161,1
river-bray,9339,1
river-bray,3112,2
river-brede,1127,1
river-brede,1120,2
river-brent,7282,1
river-brent,7289,2
river-brent,7290,3
river-brent,7291,4
river-brent,7007,5
river-brett,6079,1
river-brett,6082,2
river-bride,3285,1
river-brit,3281,1
river-brit,3293,2
river-brit,3294,3
river-brock,5022,1
river-brock,5120,2
river-browney,8038,1
river-brue,3056,1
river-brue,3055,2
river-brue,3057,3
river-brue,3058,4
river-brun,5224,1
river-bulbourne,7186,1
river-bulbourne,7187,2
river-bull,1156,1
river-bull,1154,2
river-bure,6094,1
river-bure,6099,2
river-bure,6211,3
river-bure,6215,4
river-bure,6203,5
river-bure,6202,6
river-burn,6093,1
river-dudwell,1122,1
river-caen,3351,1
river-caen,3346,2
river-caen,3119,3
river-cain,4261,1
river-cain,4262,2
river-calder-yorkshire,8305,1
river-calder-yorkshire,8205,2
river-calder-yorkshire,9318,3
river-calder-yorkshire,8343,4
river-calder-yorkshire,8097,5
river-calder-yorkshire,9167,6
river-calder-yorkshire,8048,7
river-calder-yorkshire,9031,8
river-calder-yorkshire,8191,9
river-calder-yorkshire,8298,10
river-calder-yorkshire,8073,11
river-calder-yorkshire,8032,12
river-calder-yorkshire,8096,13
river-calder-yorkshire,8124,14
river-calder-yorkshire,8066,15
river-calder-yorkshire,8100,16
river-calder-yorkshire,8209,17
river-calder-yorkshire,9320,18
river-calder-yorkshire,8134,19
river-calder-cumbria,5027,1
river-calder-lancashire,5104,1
river-calder-lancashire,5189,2
river-calder-lancashire,5105,3
river-calder-lancashire,5150,4
river-caldew,5125,1
river-caldew,5039,2
river-caldew,5042,3
river-caldew,5173,4
river-cale,3298,1
river-cam-severn,2074,1
river-cam-severn,2077,2
river-cam-cambridgeshire,6189,1
river-cam-cambridgeshire,6190,2
river-cam-cambridgeshire,6192,3
river-cam-cambridgeshire,6193,4
river-cam-cambridgeshire,6198,5
river-cam-somerset,3078,1
river-camel,3134,1
river-camel,9303,2
river-camel,9149,3
river-camel,3153,4
river-camel,3132,5
river-can,6149,1
river-char,3286,1
river-chater,6034,1
river-chelmer,6145,1
river-chelmer,6146,2
river-chelmer,6147,3
river-chelt,2170,1
river-chelt,2172,2
river-chelt,2171,3
river-chelt,2173,4
river-chelt,2174,5
river-cherwell,7058,1
river-cherwell,7059,2
river-cherwell,7060,3
river-cherwell,7063,4
river-cherwell,7064,5
river-cherwell,7066,6
river-cherwell,9082,7
river-cherwell,7071,8
river-cherwell,9119,9
river-chess,7189,1
river-chess,7190,2
river-chew,3044,1
river-churn,7015,1
river-churn,7016,2
river-churn,7017,3
river-churnet,2154,1
river-churnet,9073,2
river-churnet,2127,3
river-churnet,9074,4
river-churnet,2153,5
river-clyst,3249,1
river-clyst,3355,2
river-clyst,3250,3
river-clywedog,2054,1
river-cober,3392,1
river-cober,3160,2
river-cober,3338,3
river-cober,3169,4
river-cocker,5123,1
river-cocker,5129,2
river-cocker,5128,3
river-cole-staffordshire,2157,1
river-cole-staffordshire,2129,2
river-cole-staffordshire,9065,3
river-cole-wiltshire,7028,1
river-cole-wiltshire,7030,2
river-cole-wiltshire,7031,3
river-coln,7025,1
river-coln,7026,2
river-coln,7406,3
river-colne-hertfordshire,7179,1
river-colne-hertfordshire,7184,2
river-colne-hertfordshire,9296,3
river-colne-hertfordshire,7192,4
river-colne-hertfordshire,7196,5
river-colne-hertfordshire,7198,6
river-colne-hertfordshire,9298,7
river-colne-hertfordshire,7200,8
river-colne-hertfordshire,9436,9
river-colne-hertfordshire,7207,10
river-colne-hertfordshire,7211,11
river-colne-yorkshire,8258,1
river-colne-yorkshire,8317,2
river-colne-yorkshire,8105,3
river-colne-yorkshire,8053,4
river-colne-essex,6138,1
river-colne-essex,6139,2
river-colne-essex,6140,3
river-colne-essex,6003,4
river-coly,3232,1
river-conder,5054,1
river-coquet,8008,1
river-coquet,8173,2
river-coquet,8143,3
river-coquet,8369,4
river-corve,2065,1
coniston-water,5165,1
river-crake,5092,1
river-crane,7276,1
river-crane,7277,2
river-cray,1037,1
river-cray,1036,2
river-creedy,3245,1
river-creedy,3261,2
river-crimple,9410,1
river-crimple,8023,2
river-croal,5049,1
river-crouch,6129,1
river-crouch,6127,2
river-cuckmere,1153,1
river-culm,3347,1
river-culm,3259,2
river-culm,9430,3
river-culm,3247,4
river-dane,5073,1
river-dane,5036,2
river-dane,5121,3
river-darent,9300,1
river-darent,9301,2
river-darent,9136,3
river-darent,1040,4
river-darent,9137,5
river-darent,1038,6
river-dart,3216,1
river-dart,3406,2
river-dart,3363,3
river-darwen,9463,1
river-darwen,5061,2
river-darwen,5048,3
river-darwen,9448,4
river-darwen,5015,5
river-dearne,9329,1
river-dearne,8240,2
river-dearne,8062,3
river-dearne,8015,4
river-dearne,8101,5
river-dearne,8064,6
river-dearne,8027,7
river-dearne,8002,8
river-dearne,9333,9
river-dearne,9332,10
river-deben,6087,1
river-deben,6297,2
river-dee,4178,1
river-dee,4165,2
river-dee,4152,3
river-dee,4163,4
river-dee,4176,5
river-dee,4241,6
river-dee,4170,7
river-dee,4173,8
river-dene,9078,1
river-dene,2029,2
nailsworth-stream,9029,1
river-derwent-yorkshire,9355,1
river-derwent-yorkshire,8214,2
river-derwent-yorkshire,8132,3
river-derwent-yorkshire,8131,4
river-derwent-yorkshire,8130,5
river-derwent-yorkshire,9356,6
river-derwent-yorkshire,8039,7
river-derwent-yorkshire,8280,8
river-derwent-yorkshire,8074,9
river-derwent-yorkshire,8037,10
river-derwent-yorkshire,9358,11
river-derwent-yorkshire,9388,12
river-derwent-northumberland,8376,1
river-derwent-northumberland,8272,2
river-derwent-northumberland,8292,3
river-derwent-derbyshire,2097,1
river-derwent-derbyshire,2230,2
river-derwent-derbyshire,2118,3
river-derwent-derbyshire,2103,4
river-derwent-derbyshire,2138,5
river-derwent-derbyshire,2130,6
river-derwent-cumbria,5178,1
river-derwent-cumbria,5174,2
river-derwent-cumbria,5179,3
river-derwent-cumbria,5103,4
river-derwent-cumbria,5181,5
river-derwent-cumbria,5180,6
river-derwent-cumbria,5155,7
river-dever,9173,1
river-devon,2190,1
river-dikler,7041,1
river-doe-lea,8197,1
river-don,8247,1
river-don,9326,2
river-don,8323,3
river-don,8248,4
river-don,8090,5
river-don,8174,6
river-don,8175,7
river-don,9375,8
river-don,8135,9
river-don,8349,10
river-don,8067,11
river-don,8242,12
river-don,8259,13
river-dore,4027,1
river-douglas,5117,1
river-douglas,5152,2
river-douglas,5006,3
river-douglas,5106,4
river-douglas,5147,5
river-dour,9019,1
river-dove-north-yorkshire,8117,1
river-dove-staffordshire,2119,1
river-dove-staffordshire,9070,2
river-dove-staffordshire,2101,3
river-dove-staffordshire,2133,4
river-dove-staffordshire,2150,5
river-dove-staffordshire,9059,6
river-dove-staffordshire,2107,7
river-dove-staffordshire,9486,8
river-dove-south-yorkshire,8241,1
river-drone,9338,1
river-drone,8069,2
river-duddon,5142,1
river-duddon,5044,2
river-darwell,1121,1
river-dulas,2017,1
river-dun-hampshire,9232,1
river-dun-berkshire,7120,1
river-eamont,5206,1
river-eamont,5168,2
river-eamont,5046,3
river-eamont,5141,4
river-east-allen,8005,1
river-eau,2211,1
river-ebble,3371,1
river-ebble,3318,2
river-ecclesbourne,2124,1
river-eden-cumbria,5157,1
river-eden-cumbria,5059,2
river-eden-cumbria,5005,3
river-eden-cumbria,5138,4
river-eden-cumbria,5058,5
river-eden-cumbria,5081,6
river-eden-cumbria,5171,7
river-eden-cumbria,5127,8
river-eden-kent,1081,1
river-eden-kent,1071,2
river-eden-kent,1091,3
river-eden-kent,1084,4
river-ehen,5014,1
river-ehen,5047,2
river-ehen,5018,3
river-elan,4008,1
river-ellen,9488,1
river-ellen,5024,2
river-ems,1155,1
river-enborne,7128,1
river-erewash,2155,1
river-erewash,2159,2
river-erewash,2164,3
river-erme,3208,1
river-erme,3219,2
river-esk-north-cumbria,5207,1
river-esk-yorkshire,8331,1
river-esk-yorkshire,8232,2
river-esk-yorkshire,8233,3
river-esk-yorkshire,8216,4
river-esk-west-cumbria,5037,1
river-etherow,5154,1
river-etherow,5035,2
river-evenlode,7002,1
river-evenlode,7050,2
river-evenlode,9050,3
river-evenlode,7051,4
river-evenlode,7053,5
river-evenlode,7054,6
river-exe,3254,1
river-exe,3256,2
river-exe,3258,3
river-exe,3246,4
river-exe,3260,5
river-exe,9427,6
river-exe,3251,7
river-exe,9010,8
river-exe,3094,9
river-fal,3174,1
river-fal,3164,2
river-flit,6077,1
river-font,8154,1
river-foss,9305,1
river-foss,8235,2
river-foss,9387,3
river-foulness,9141,1
river-foulness,8282,2
river-fowey,3142,1
river-fowey,3139,2
river-fowey,3152,3
river-fowey,3386,4
river-frome-severn,2175,1
river-frome-severn,2176,2
river-frome-severn,2019,3
river-frome-severn,2177,4
river-frome-wye,4223,1
river-frome-wye,4003,2
river-frome-wye,4036,3
river-fromus,6092,1
river-gade,7185,1
river-gade,7188,2
river-gannel,3135,1
river-gaunless,8055,1
river-gaunless,8128,2
river-gaunless,8361,3
river-gaunless,8192,4
river-gaunless,8360,5
river-gaunless,8068,6
river-gaunless,8198,7
river-gelt,5074,1
river-gipping,6086,1
river-glem,6135,1
river-glen,6035,1
river-glen,6022,2
river-glenderamackin,5140,1
river-glyme,7052,1
river-gowan,9131,1
river-gowy,5019,1
river-goyt,5232,1
river-goyt,5096,2
river-granta,6074,1
river-granta,6194,2
river-granta,6195,3
river-graveney,7307,1
river-graveney,7308,2
river-great-ouse,6158,1
river-great-ouse,6183,2
river-great-ouse,6159,3
river-great-ouse,6274,4
river-great-ouse,6185,5
river-great-ouse,6163,6
river-great-ouse,6387,7
river-great-ouse,6162,8
river-great-ouse,6276,9
river-great-ouse,6166,10
river-great-ouse,6167,11
river-great-ouse,6168,12
river-great-ouse,6291,13
river-great-ouse,6169,14
river-great-ouse,6289,15
river-great-ouse,6171,16
river-great-ouse,6172,17
river-great-ouse,6173,18
river-great-ouse,6174,19
river-great-ouse,6078,20
river-great-ouse,6264,21
river-great-ouse,6175,22
river-great-ouse,6176,23
river-great-ouse,6177,24
river-great-ouse,6178,25
river-great-ouse,6179,26
river-great-ouse,6180,27
river-great-ouse,6278,28
river-great-ouse,6254,29
river-great-ouse,6290,30
river-great-ouse,9380,31
river-great-ouse,6009,32
river-greet,2216,1
river-greta-cumbria,9419,1
river-greta-cumbria,5060,2
river-greta-cumbria,5175,3
river-greta-durham,8177,1
river-haddeo,9354,1
river-haddeo,9353,2
river-haddeo,9342,3
river-haddeo,9352,4
river-hamble,9211,1
river-hamble,9197,2
river-hamble,9203,3
river-hamble,9200,4
river-hamps,2117,1
river-harbourne,3210,1
river-harbourne,3217,2
river-harbourne,3360,3
river-hart,7148,4
river-hart,7147,3
river-hart,7146,2
river-hart,7145,1
river-hayle,3166,1
river-hayle,3165,2
river-hayle,3172,3
river-hindburn,5156,1
river-hipper,8300,1
river-hipper,8047,2
river-hipper,8295,3
river-hiz,6076,1
river-hodder,5071,1
river-holme,8342,1
river-holme,8165,2
river-hooke,3271,1
river-hull,9146,1
river-hull,9364,2
river-hull,8385,3
river-hull,8281,4
river-hull,9366,5
river-hull,9367,6
river-hull,8103,7
river-hyndburn,5223,1
river-ingrebourne,7384,1
river-ingrebourne,9325,2
river-inny,3181,1
river-irk,5034,1
river-irt,5182,1
river-irthing,5183,1
river-irwell,5195,1
river-irwell,5075,2
river-irwell,5136,3
river-irwell,5115,4
river-irwell,5026,5
river-irwell,5230,6
river-irwell,5076,7
river-irwell,5095,8
river-irwell,5003,9
river-isbourne,2193,1
river-isbourne,2194,2
river-isbourne,2024,3
river-ise,6109,1
river-ise,6113,2
river-ise,6104,3
river-isle,3076,1
river-isle,3077,2
river-isle,3380,3
river-itchen-hampshire,1054,1
river-itchen-hampshire,9194,2
river-itchen-hampshire,1052,3
river-itchen-hampshire,1059,4
river-itchen-hampshire,1055,5
river-itchen-hampshire,1048,6
river-itchen-hampshire,9220,7
river-itchen-hampshire,1049,8
river-itchen-hampshire,1056,9
river-itchen-hampshire,1034,10
river-itchen-warwickshire,2080,1
river-ivel,6182,1
river-ivel,6181,2
river-jordan,6021,1
river-jordan,6019,2
river-keekle,5131,1
river-keer,5068,1
river-kenn-tributary,3356,1
river-kennall,3385,1
river-kennet,7112,1
river-kennet,7113,2
river-kennet,7118,3
river-kennet,7117,4
river-kennet,7122,5
river-kennet,9395,6
river-kennet,7131,7
river-kennett,6249,1
river-kennett,6253,2
river-kensey,3192,1
river-kensey,3337,2
river-kent,5017,1
river-kent,5225,2
river-kent,5126,3
river-kenwyn,3163,1
river-key,7013,1
river-kyle,9143,1
river-kym,6160,1
river-kym,6153,2
river-kym,6155,3
river-lambourn,7123,1
river-lambourn,9020,2
river-lambourn,7126,3
river-lambourn,9292,4
river-lark,6251,1
river-lark,6255,2
river-lark,6279,3
river-lark,6260,4
river-lark,6271,5
river-lavant-sussex,1163,1
river-lavant-sussex,9244,2
river-lavant-hampshire,9191,1
river-lavant-hampshire,9223,2
river-laver,9346,1
river-laver,8171,2
river-leach,7033,1
river-leadon,2205,1
river-leadon,2012,2
river-leam,2079,1
river-leam,2184,2
river-lee,7329,1
river-lee,7330,2
river-lee,9289,3
river-lee,7332,4
river-lee,7333,5
river-lee,9047,6
river-lee,7357,7
small-river-lee,7361,1
small-river-lee,7365,2
river-lee,7374,8
river-lee,7375,9
river-leen,2165,2
river-leen,2163,1
river-lemon,3209,1
river-lemon,3223,2
river-lemon,3205,3
river-lemon,3354,4
river-lemon,9009,5
river-leven-cumbria,5160,1
river-leven-yorkshire,8071,1
river-leven-yorkshire,8088,2
river-leven-yorkshire,8364,3
river-leven-yorkshire,8200,4
river-leven-yorkshire,8365,5
river-leven-yorkshire,8082,6
river-lew,3121,1
river-lim,3420,1
river-lin,9016,1
river-little-ouse,6270,1
river-little-ouse,6247,2
river-little-ouse,6257,3
river-lod,1009,1
river-loddon,7134,1
river-loddon,7136,2
river-loddon,7139,3
river-loddon,7138,4
river-loddon,7151,5
river-loddon,7152,6
river-loddon,7154,7
river-lostock,5010,1
river-lostock,5083,2
river-lowman,3248,1
river-lowman,9008,2
river-lowther,5170,1
river-lowther,5169,2
river-lox,9256,1
river-lox,9259,2
river-loxley,8249,1
river-loxley,9038,2
river-lud,6017,1
river-lugg,4022,1
river-lugg,4007,2
river-lugg,9507,3
river-lugg,4006,4
river-lugg,4019,5
river-lune,5094,1
river-lune,5077,2
river-lune,5029,3
river-lune,9127,4
river-lune,5080,5
river-lyd-gloucestershire,2055,1
river-lyd-gloucestershire,2087,2
river-lyd-devon,3202,1
river-lymn,6112,1
river-lynher,3184,1
river-manifold,2113,1
river-marden,3383,1
river-marden,3038,2
river-mardle,9015,1
river-maun,2212,1
river-maun,2146,2
river-maun,2147,3
river-mease,9106,1
river-meden,2186,1
river-meden,2148,2
river-medina,1047,1
river-medina,1020,2
river-medlock,5194,1
river-medlock,5088,2
river-medway,1072,1
river-medway,1088,2
river-medway,1066,3
river-medway,1067,4
river-medway,1080,5
river-medway,1090,6
river-medway,1074,7
river-medway,9124,8
river-medway,1089,9
river-medway,1069,10
river-medway,1083,11
river-medway,1064,12
river-medway,1063,13
river-medway,1029,14
river-meese,2027,1
river-meon,9177,1
river-meon,9181,2
river-meon,9178,3
river-meon,9182,4
river-meon,9179,5
river-meon,9180,6
river-mersey,5021,1
river-mersey,5101,2
river-mersey,5008,3
river-mersey,5052,4
river-mersey,5149,5
river-mersey,5050,6
river-mersey,5084,7
river-mimram,7334,1
river-mimram,7335,2
river-mimram,7336,3
river-mint,5098,1
river-misbourne,7194,1
river-misbourne,7407,2
river-mole-devon,3110,1
river-mole-devon,3096,2
river-mole-devon,3127,3
river-mole-surrey,7399,1
river-mole-surrey,7250,2
river-mole-surrey,7254,3
river-mole-surrey,7257,4
river-mole-surrey,7260,5
river-mole-surrey,7261,6
river-mole-surrey,7262,7
river-mole-surrey,7263,8
river-nadder,3330,1
river-nadder,3329,2
river-nar,6288,1
river-nar,6277,2
river-neet,3131,1
river-neet,3151,2
river-nene,6101,1
river-nene,6120,2
river-nene,6117,3
river-nene,6108,4
river-nene,6115,5
river-nene,9374,6
river-nene,6116,7
river-nene,6110,8
river-nene,6111,9
river-nene,6107,10
river-nene,6286,11
river-nene,6121,12
river-nene,6014,13
river-nidd,8086,1
river-nidd,8160,2
river-nidd,8021,3
river-nidd,8121,4
river-nidd,8104,5
river-nidd,8186,6
river-north-lew,3111,1
river-north-tyne,8368,1
river-north-tyne,8262,2
river-north-tyne,8370,3
river-north-tyne,8019,4
river-north-tyne,8166,5
river-north-tyne,8355,6
river-ock,7077,1
river-ock,7078,2
river-ock,7081,3
river-ock,7402,4
river-og,7114,1
river-okement,3122,1
river-onny,2030,1
river-ore,6089,1
river-otter,3239,1
river-otter,3237,2
river-ottery,3384,1
river-ottery,3191,2
river-ottery,3341,3
river-ouse-sussex,1152,1
river-ouse-sussex,1110,2
river-ouse-sussex,1106,3
river-ouse-sussex,1107,4
river-ouse-sussex,9246,5
river-ouse-sussex,1100,6
river-ouse-sussex,9250,7
river-ouse-sussex,9249,8
river-ouse-sussex,1109,9
river-ouse-sussex,1026,10
river-ouse-yorkshire,8140,1
river-ouse-yorkshire,8184,2
river-ouse-yorkshire,9347,3
river-ouse-yorkshire,8208,4
river-ouse-yorkshire,8081,5
river-ouse-yorkshire,8145,6
river-ouse-yorkshire,8044,7
river-ouse-yorkshire,8180,8
river-ouse-yorkshire,8179,9
river-ouse-yorkshire,8084,10
river-ouse-yorkshire,8024,11
river-ouzel,6152,1
river-ouzel,6154,2
river-ouzel,6165,3
river-ouzel,6258,4
river-pang,7104,1
river-pang,7105,2
river-pang,7106,3
river-pang,7107,4
river-pant,6141,1
river-pant,6130,2
river-parrett,3075,1
river-parrett,3072,2
river-parrett,3397,3
river-penk,9067,1
river-penk,2123,2
river-perry,2014,1
river-petteril,5100,1
river-petteril,5159,2
river-petteril,5172,3
river-petteril,5214,4
river-piddle,3276,3
river-piddle,3270,2
river-piddle,3269,1
river-pinn,7397,1
river-pinn,7201,2
river-pinn,7173,3
river-pinn,7174,4
river-pinn,7005,5
river-pinn,7202,6
river-pinn,7203,7
river-pinn,7183,8
river-pinn,7204,9
river-plym,3197,1
river-pol,3144,1
river-pont,8195,1
river-pont,8098,2
river-pont,8162,3
river-pool,7319,1
river-poulter,2114,1
river-quaggy,7327,1
river-quaggy,7328,2
river-quin,7343,1
river-rase,6238,1
river-ravensbourne,7311,1
river-ravensbourne,7310,2
river-ravensbourne,7314,3
river-ravensbourne,7320,4
river-ravensbourne,7315,5
river-ravensbourne-east-branch,7312,1
river-ravensbourne-east-branch,7313,2
river-rawthey,5020,1
river-ray-oxfordshire,7067,1
river-ray-oxfordshire,7068,2
river-ray-wiltshire,7018,1
river-ray-wiltshire,7019,2
river-ray-wiltshire,7020,3
river-rea-west-midlands,9066,1
river-rea-west-midlands,9055,2
river-rea-west-midlands,2115,3
river-rea-shropshire,2026,1
river-rede,8158,1
river-rede,8157,2
river-rede,8167,3
river-rhee,6196,1
river-rhee,6199,2
river-rhee,6191,3
river-rib,7342,1
river-rib,7344,2
river-ribble,5086,1
river-ribble,5109,2
river-ribble,5056,3
river-ribble,5091,4
river-ribble,5066,5
river-ribble,5099,6
river-ribble,5119,7
river-ribble,5122,8
river-ribble,5146,9
river-riccal,8153,1
river-roch,5199,1
river-roch,5004,2
river-roch,5231,3
river-roch,5013,4
river-roden,2011,1
river-roding,7376,1
river-roding,7379,2
river-roding,7009,3
river-roding,7380,4
river-roding,7381,5
river-rom,9282,1
river-rom,7382,2
river-rothay,9418,1
river-rothay,5162,2
river-rother-kent,1126,1
river-rother-kent,1030,2
river-rother-yorkshire,9335,1
river-rother-yorkshire,9034,2
river-rother-yorkshire,8091,3
river-rother-yorkshire,8296,4
river-rother-yorkshire,8217,5
river-rother-yorkshire,8114,6
river-rother-yorkshire,9045,7
river-rother-yorkshire,9382,8
river-rother-yorkshire,9345,9
river-rother-yorkshire,9044,10
river-rother-yorkshire,8253,11
river-rother-yorkshire,9336,12
river-rother-sussex,1164,1
river-rother-sussex,1169,2
river-rother-sussex,1013,3
river-rother-sussex,1010,4
river-ryburn,8172,1
river-ryburn,8309,2
river-rye,8033,1
river-rye,8147,2
river-rye,8102,3
river-ryton,2121,1
river-ryton,2141,2
river-salwarpe,9295,1
river-salwarpe,2075,2
river-salwarpe,2007,3
river-seaton,3133,1
river-sence-leicestershire,2139,1
river-sence-leicestershire,2188,2
river-sence-west-leicestershire,9080,1
river-seven,8183,1
river-seven,8148,2
river-severn,2033,1
river-severn,4260,2
river-severn,2034,3
river-severn,4235,4
river-severn,2009,5
river-severn,2072,6
river-severn,2068,7
river-severn,2061,8
river-severn,2067,9
river-severn,9308,10
river-severn,9509,11
river-severn,2004,12
river-severn,2036,13
river-severn,2058,14
river-severn,2069,15
river-severn,2001,16
river-severn,2092,17
river-severn,2039,18
river-severn,2081,19
river-severn,2022,20
river-severn,2041,21
river-severn,2078,22
river-severn,2031,23
river-severn,2166,24
river-severn,2167,25
river-severn,9030,26
river-severn,2063,27
river-severn,2051,28
river-severn,2059,29
river-severn,2071,30
river-shalbourne,7121,1
river-sheaf,8299,1
river-sheaf,8308,2
river-sheaf,8099,3
river-sheaf,9040,4
river-sheppey,3054,1
river-sherbourne,9085,1
river-sherbourne,9096,2
river-sherbourne,9109,3
river-shuttle,1039,1
river-sid,3240,1
river-sid,3233,2
river-skell,8006,1
river-skerne,8030,1
river-skerne,8164,2
river-skerne,8108,3
river-skerne,8190,4
river-slea,6069,1
river-slea,6070,2
river-slea,6064,3
river-smite,2213,1
river-snail,6267,1
river-soar,2187,1
river-soar,2136,2
river-soar,2158,3
river-soar,2142,4
river-soar,2132,5
river-south-tyne,8007,1
river-south-tyne,8076,2
river-south-tyne,8356,3
river-south-tyne,9283,4
river-south-tyne,8095,5
river-sow,2122,1
river-sow,9076,2
river-sow,2105,3
river-sowe,9094,1
river-sowe,9095,2
river-sowy,3399,1
river-sprint,5130,1
river-steeping,9373,1
river-stennack,3418,1
river-stert,7003,1
river-stiffkey,6100,1
river-stort,7348,1
river-stort,7350,2
river-stort,7351,3
river-stort,7353,4
river-stour-worcestershire,9429,1
river-stour-worcestershire,2076,2
river-stour-worcestershire,2037,3
river-stour-worcestershire,2038,4
river-stour-worcestershire,9023,5
river-stour-dorset,3297,1
river-stour-dorset,3296,2
river-stour-dorset,3306,3
river-stour-dorset,3305,4
river-stour-dorset,3302,5
river-stour-dorset,3295,6
river-stour-dorset,3303,7
river-stour-dorset,3300,8
river-stour-essex,6131,1
river-stour-essex,6134,2
river-stour-essex,6126,3
river-stour-essex,6128,4
river-stour-essex,6137,5
river-stour-warwickshire,2045,1
river-stour-warwickshire,9407,2
river-stour-warwickshire,2006,3
river-strat,3149,1
river-strine,2066,1
river-swale,8159,1
river-swale,8089,2
river-swale,8169,3
river-swale,8043,4
river-swale,8371,5
river-swale,8059,6
river-swale,8144,7
river-swarbourne,9091,1
river-swift-warwickshire,9100,1
river-swift-hampshire,9216,1
river-tale,3235,1
river-tamar,3334,1
river-tamar,3336,2
river-tamar,3187,3
river-tamar,3203,4
river-tamar,3195,5
river-tamar,3201,6
river-tame-west-midlands,9071,1
river-tame-west-midlands,9062,2
river-tame-west-midlands,2135,3
river-tame-west-midlands,2140,4
river-tame-west-midlands,9061,5
river-tame-west-midlands,2098,6
river-tame-west-midlands,2134,7
river-tame-west-midlands,2131,8
river-tame-west-midlands,9060,9
river-tame-greater-manchester,5196,1
river-tame-greater-manchester,5143,2
river-tame-greater-manchester,5145,3
river-tame-greater-manchester,5023,4
river-tame-greater-manchester,5112,5
river-tanat,2025,1
river-tavy,3185,1
river-tavy,3340,2
river-tavy,3196,3
river-taw,3100,1
river-taw,3123,2
river-taw,3113,3
river-taw,3106,4
river-team,8359,1
river-team,8203,2
river-tean,2149,1
river-tean,9075,2
river-tees,8138,1
river-tees,8014,2
river-tees,8034,3
river-tees,8315,4
river-tees,8129,5
river-tees,8223,6
river-tees,8366,7
river-tees,8372,8
river-teign,9459,1
river-teign,3214,2
river-teign,3206,3
river-teign,3226,4
river-teign,3361,5
river-teise,1170,1
river-teise,1078,2
river-teise,1087,3
river-teme,2090,1
river-teme,2053,2
river-teme,2057,3
river-teme,9514,4
river-teme,2086,5
river-teme,2005,6
river-teme,2178,7
river-teme,2021,8
river-teme,2040,9
river-tern,9505,1
river-tern,2008,2
river-test,9229,1
river-test,9230,2
river-test,1161,3
river-test,9188,4
river-test,9190,5
river-test,9218,6
river-test,9219,7
river-test,9213,8
river-test,9236,9
river-test,9207,10
river-test,9189,11
river-thame,7087,1
river-thame,7089,2
river-thame,7092,3
river-thame,7094,4
river-thame,7095,5
river-thame,7097,6
river-thame,7403,7
river-thames,7010,1
river-thames,7011,2
river-thames,7014,3
river-thames,7024,4
river-thames,7027,5
river-thames,7034,6
river-thames,7035,7
river-thames,7036,8
river-thames,7037,9
river-thames,7038,10
river-thames,7046,11
river-thames,7047,12
river-thames,7048,13
river-thames,7049,14
river-thames,7055,15
river-thames,7056,16
river-thames,7057,17
river-thames,7072,18
river-thames,7405,19
river-thames,7073,20
river-thames,7083,21
river-thames,7084,22
river-thames,7085,23
river-thames,7086,24
river-thames,7099,25
river-thames,7100,26
river-thames,7101,27
river-thames,7102,28
river-thames,7109,29
river-thames,7110,30
river-thames,7111,31
river-thames,7132,32
river-thames,7133,33
river-thames,7155,34
river-thames,7156,35
river-thames,7396,36
river-thames,7162,37
river-thames,7163,38
river-thames,7165,39
river-thames,7166,40
river-thames,7169,41
river-thames,7170,42
river-thames,7172,43
river-thames,7171,44
river-thames,7213,45
river-thames,7214,46
river-thames,7215,47
river-thames,7216,48
river-thames,7244,49
river-thames,7245,50
river-thames,7395,51
river-thames,7246,52
river-thames,7267,53
river-thames,7269,54
river-thames,7268,55
river-thames,7393,56
river-thames,7392,57
river-thames,7389,58
river-thames,7391,59
river-thames,7390,60
river-thames,7388,61
river-thames,9154,62
river-thames,7394,63
river-thames,7386,64
river-thet,6250,1
river-thet,6265,2
river-thet,6273,3
river-thet,6280,4
river-thrushel,3194,1
river-thrushel,3178,2
river-thurne,6210,1
river-thurne,6217,2
river-tiddy,3179,1
river-till-northumberland,9277,1
river-till-northumberland,9278,2
river-till-northumberland,8290,3
river-till-lincolnshire,6114,1
river-tillingbourne,7239,1
river-tillingham,1125,1
river-tone,3083,1
river-tone,3082,2
river-tone,3364,3
river-tone,9126,4
old-river-tone,9125,1
river-tone,3073,5
river-torridge,3124,1
river-torridge,3125,2
river-torridge,3126,3
river-torridge,3103,4
river-tove,6157,1
river-tove,6151,2
river-trent,9068,1
river-trent,2116,2
river-trent,9077,3
river-trent,2137,4
river-trent,2099,5
river-trent,2104,6
river-trent,2108,7
river-trent,2152,8
river-trent,2100,9
river-trent,2217,10
river-trent,2102,11
river-trent,2185,12
river-trent,2109,13
river-trent,9485,14
river-trent,2128,15
river-trent,2145,16
river-trent,2144,17
river-tud,6096,1
river-tutt,8227,1
river-tweed,8264,1
river-tweed,8263,2
river-tweed,8020,3
river-twyver,9024,1
river-twyver,2181,2
river-twyver,2219,3
river-twyver,9027,4
river-tyne,8357,1
river-tyne,9006,2
river-tyne,8354,3
river-tyne,8170,4
river-tyne,8040,5
river-tyne,8150,6
river-uck,9257,1
river-uck,1119,2
river-uck,1108,3
river-umber,3357,1
river-ure,8011,1
river-ure,8113,2
river-ure,8133,3
river-ure,8176,4
river-ure,8215,5
river-ure,8028,6
river-ure,8004,7
river-valency,3401,1
river-valency,3402,2
river-valency,3138,3
river-ver,7178,1
river-ver,7180,2
river-ver,7182,3
river-vyrnwy,2020,1
river-vyrnwy,2035,2
river-vyrnwy,2060,3
river-vyrnwy,2003,4
river-waldon,3102,1
river-walkham,3200,1
river-wallington-hampshire,9192,1
river-wallington-hampshire,1044,2
river-wallington-cambridgeshire,6269,1
river-wandle,7300,1
river-wandle,7301,2
river-wandle,7302,3
river-wandle,7303,4
river-wandle,7304,5
river-wandle,7305,6
river-wandle,7309,7
river-wansbeck,8137,1
river-wansbeck,8139,2
river-wansbeck,8293,3
river-waring,6046,1
river-waveney,6088,1
river-waveney,6083,2
river-waveney,6204,3
river-waveney,6209,4
river-waveney,6207,5
river-waveney,6206,6
river-waveney,6212,7
river-wear,8196,1
river-wear,8219,2
river-wear,8201,3
river-wear,8288,4
river-wear,8046,5
river-weaver,5009,1
river-weaver,5202,2
river-weaver,5007,3
river-weaver,5065,4
river-weaver,5198,5
river-welland,6023,1
river-welland,6025,2
river-welland,6024,3
river-welland,6030,4
river-welland,6020,5
river-welland,6028,6
river-welland,6029,7
river-welland,6018,8
river-welland,6006,9
river-wenning,5012,1
river-wenning,5184,2
river-wenning,5148,3
river-wenning,5072,4
river-wensum,6098,1
river-wensum,6125,2
river-went,8245,1
river-went,8210,2
river-went,9041,3
river-went,8246,4
river-west-allen,8367,1
river-wey-dorset,3377,1
river-wey-dorset,3287,2
river-wey-dorset,3291,3
river-wey-dorset,3353,4
river-wey-surrey,7226,1
river-wey-surrey,7227,2
river-wey-surrey,7230,3
river-wey-surrey,7229,4
river-wey-surrey,7231,5
river-wey-surrey,7232,6
river-wey-surrey,7240,7
river-wey-surrey,7401,8
river-wey-surrey,7409,9
river-wey-surrey,7242,10
river-wey-surrey,7243,11
river-wharfe,8110,1
river-wharfe,8276,2
river-wharfe,8277,3
river-wharfe,8001,4
river-wharfe,8106,5
river-wharfe,8156,6
river-wharfe,8163,7
river-wharfe,8010,8
river-wharfe,8052,9
river-wharfe,8080,10
river-wharfe,8202,11
river-wharfe,9053,12
river-wharfe,8050,13
river-wharfe,8278,14
river-wharfe,8078,15
river-whitewater,7144,1
river-whitting,8181,1
river-whittle,6275,1
river-wid,6148,1
river-wid,6201,2
river-wid,6200,3
river-windrush,7040,1
river-windrush,7042,2
river-windrush,7043,3
river-windrush,7044,4
river-windrush,7045,5
river-winterbourne,3376,1
river-wiske,8207,1
river-wiske,8116,2
river-wissey,6259,1
river-witham,6219,1
river-witham,6051,2
river-witham,6055,3
river-witham,6067,4
river-witham,6057,5
river-witham,6044,6
river-witham,6049,7
river-witham,6056,8
river-witham,6045,9
river-witham,6050,10
river-witham,6058,11
river-witham,6073,12
river-witham,6042,13
river-witham,6068,14
river-witham,6043,15
river-wolf,3343,1
river-worfe,9510,1
river-worfe,9503,2
river-worfe,2016,3
river-worth,8303,1
river-worth,8109,2
river-worth,9037,3
river-wreake,2192,1
river-wreake,2218,2
river-wreake,2111,3
river-wriggle,3063,1
river-wye-buckinghamshire,7158,1
river-wye-buckinghamshire,7161,2
river-wye-derbyshire,2162,1
river-wye-derbyshire,2110,2
river-wye,4026,1
river-wye,4011,2
river-wye,4005,3
river-wye,4013,4
river-wye,4014,5
river-wye,4016,6
river-wye,4004,7
river-wye,4002,8
river-wye,4017,9
river-wye,4025,10
river-wye,4029,11
river-wye,2196,12
river-wye,4023,13
river-wye,4028,14
river-wylye,3322,1
river-wylye,3326,2
river-wylye,3327,3
river-wyre,5001,1
river-wyre,5186,2
river-wyre,5055,3
river-wyre,9132,4
river-wyre,5030,5
river-wyre,5132,6
river-yare,6095,1
river-yare,6205,2
river-yare,6214,3
river-yare,6208,4
river-yare,6213,5
river-yarrow,5111,1
river-yarrow,9114,2
river-yarrow,5038,3
river-yarrow,9115,4
river-yarty,3231,1
river-yealm,3188,1
river-yealm,3193,2
river-yeo-somerset,3070,1
river-yeo-somerset,3074,2
river-yeo-somerset,3079,3
river-yeo-somerset,3071,4
river-yeo-lapford,3128,1
river-yeo-lapford,3104,2
river-yeo-lapford,3098,3
river-yeo-creedy,3244,1
roall-dyke,8352,1
roe-beck,5135,1
rolleston-brook,9102,1
rookhope-burn,8072,1
rothley-brook,2189,1
rothley-brook,2125,2
rudhall-brook,2225,1
ruskington-beck,6299,1
rye-meads-effluent-channel,7358,1
rye-meads-effluent-channel,7356,2
salfords-stream-sussex,1118,1
salfords-stream-kent,7259,1
salmon-brook,7368,1
salmon-brook,7369,2
salt-haven,1027,1
sampford-brett-stream,9273,1
sandon-brook,6188,1
sandy-brook,9116,1
sandyford-brook,9093,1
sankey-brook,5031,1
sankey-brook,5069,2
sankey-brook,5085,3
saredon-brook,9108,1
scurf-dyke,9363,1
sea-cut,9330,1
sea-cut,9331,2
sea-cut,8178,3
seacourt-stream,7074,1
selby-dam,9349,1
semington-brook,3046,1
shaw-brook-tributary,5043,1
sherston-avon,3035,1
sherston-avon,3408,2
shill-brook,7001,1
shreen-water,3308,1
shreen-water,3372,2
silk-stream,7285,1
silk-stream,7286,2
silsden-beck,8326,1
sincil-dyke,6054,1
sinderland-brook,5107,1
skeffling-drain,9377,1
skirting-beck,9372,1
skirting-beck,9371,2
slad-brook,9415,1
slad-brook,2203,2
slad-brook,2204,3
smallhope-burn,8123,1
smestow-brook,2091,1
smestow-brook,2032,2
snaith-ings,8351,1
snaizeholme-beck,8127,1
somborne-stream,9228,1
river-frome-somerset,3004,1
river-frome-somerset,3382,2
river-frome-somerset,3049,3
sor-brook,7062,1
south-brook,9280,1
south-forty-foot-drain,6223,1
south-forty-foot-drain,6226,2
south-forty-foot-drain,6293,3
southcourt-brook,7093,1
spen-beck,8256,1
spen-beck,8149,2
spratford-stream,9014,1
spring-brook,7316,1
st-austell-river,3155,1
st-austell-river,3157,2
st-blazey-stream,3394,1
st-james-stream,7317,1
thirlmere-reservoir,5210,1
st-johns-beck,5139,1
st-neot-river,3147,1
stainfield-beck,6062,1
stansted-brook,7349,1
stevenage-brook,7338,1
stock-beck,5226,1
stock-beck,5215,2
stock-beck,5233,3
stonham-watercourse,6084,1
stour-brook,6132,1
sud-brook,9026,1
sud-brook,2182,2
sulham-brook,7108,1
sutton-beck,9268,1
swalecliffe-brook,9276,1
swan-brook,3263,1
swan-brook,3333,2
swavesey-drain,6186,1
swill-brook,7012,1
swinney-beck,8228,1
sydling-water,3273,1
tadburn-lake,1151,1
tang-hall-beck,8328,1
tang-hall-beck,9348,2
tanners-brook,9240,1
tanners-brook,1149,2
tetbury-avon,3034,1
thacka-beck,5212,1
thacka-beck,5204,2
thacka-beck,5208,3
the-beck,7318,1
the-cut,9118,1
the-cut,7167,2
the-cut,7398,3
the-fleet,9381,1
the-gissage,3349,1
the-roxbourne,7272,1
theobalds-brook,7362,1
thorngumbald-drain,9368,1
thornton-beck,8231,1
tory-brook,3199,1
town-beck,9393,1
town-beck,9242,2
trawden-brook,5187,1
tresillian-river,3170,1
trothy,4021,1
trout-beck-northumberland,8141,1
trout-beck-east-cumbria,9379,1
trout-beck-lake-district,5220,1
tryweryn,4153,1
turkey-brook,7367,1
twin,6263,1
ulley-brook,9337,1
ullswater,5166,1
umborne-brook,3228,1
usway-burn,8182,1
valley-brook,5097,1
waithe-beck,6233,1
walkford-brook,9187,1
waller-hill-beck,9314,1
waller-hill-beck,8094,2
wallop-brook,9172,1
walsden-water,8211,1
walsden-water,8310,2
waren-burn,8267,1
waren-burn,8268,2
warleggan-river,3141,1
wash-dike,8304,1
wash-dike,8257,2
washford-river,3089,1
washpit-brook,6294,1
wealdstone-brook,7287,1
wealdstone-brook,7288,2
weedon-beck,6123,1
wellow-brook,3002,1
wellow-brook,3048,2
wendlebury-brook,7070,1
wendling-beck,6097,1
wendover-springs,7090,1
wesley-brook,2169,1
west-bank-pond,8324,1
west-brook-kent,9275,1
west-brook-hampshire,9224,1
west-clough,9360,1
west-dart-river,3212,1
west-fen-catchwater-drain,6228,1
west-glen-river,6026,1
river-tham,6036,1
river-tham,6031,2
west-glen-river,6027,2
west-lyn-river,3358,1
west-moor-drain,3381,1
west-okement-river,3105,1
west-okement-river,9341,2
west-sedgemoor-drain,3066,1
western-yar,9196,1
whaddon-brook-gloucestershire,2228,1
whaddon-brook-cambridgeshire,6281,1
wheelan-dyke,9036,1
whetstone-brook,2160,1
whiston-brook,9043,1
white-water-dyke,1144,1
whitley-beck,9285,1
whitley-brook,9035,1
willow-beck,8224,1
willow-beck,8225,2
willow-beck,8285,3
willow-brook,6124,1
willow-brook,6106,2
wincham-brook,5089,1
windermere,5164,1
windle-brook,7222,1
winestead-drain,9369,1
winestead-drain,9376,2
winford-brook,3409,1
winterbourne-stream-berkshire,7125,1
winterbourne-stream-sussex,9253,1
witcombe-bottom-main-drain,3398,1
withy-brook,3190,1
wiza-beck,5216,1
wiza-beck,5221,2
wood-brook,2168,1
woodbridge-brook,3017,1
wooler-water,8051,1
wooler-water,8221,2
wootton-brook,6103,1
worsley-brook,5193,1
wortley-beck,9117,1
wotton-brook-gloucestershire,2226,1
wotton-brook-gloucestershire,2227,2
wraysbury-river,7210,1
wraysbury-river,7209,2
wych-brook,4192,1
wyke-beck,8251,1
wyke-beck,9392,2
wyke-beck,8316,3
wymans-brook,2201,1
wymans-brook,2200,2
yazor-brook,4033,1
yeading-brook,7270,1
yeading-brook,7271,2
yeading-brook,7274,3
yeading-brook,7275,4
yeading-brook-eastern-arm,7273,1
black-brook-yorkshire,9413,1
brampton-beck,9417,1
costa-beck,9406,1
dulas-brook,9423,1
illey-brook,9428,1
knoll-beck,9402,1
mill-brook-herefordshire,9421,1
mill-brook-devon,9426,1
oil-mill-beck,9403,1
river-bovey-wifford-tributary,9420,1
setting-dyke,9405,1
setting-dyke,9404,2
south-cave-beck,9401,1
the-moss,9412,1
western-drain,9414,2
withycombe-brook,9422,1
wydon-burn,9411,1
church-beck,9409,1
dean-burn,9431,1
ford-stream,9424,1
kingsbridge-north-watercourse,9425,1
otterton-brook,9433,1
ouse-dyke,9434,1
wool-brook,9432,1
wotton-brook-devon,9435,1
burn-valley-beck,9443,1
burn-valley-beck,9464,2
clennon-valley-watercourse,9457,1
cole-brook,9437,1
halford-stream,9440,1
hele-stream,9458,1
higher-brixham-watercourse,9451,1
knowle-stream,9438,1
marsh-water,9452,1
meers-brook,9441,1
parham-beck,9462,1
pearl-brook,9446,1
river-clyst-clyst-st-mary-tributary,9454,1
river-clyst-clyst-st-mary-tributary,9455,2
river-harbourne-harbertonford-tributary,9439,1
river-idle,2156,1
river-idle,2106,2
sabden-brook,9460,1
shutterton-brook,9453,1
stock-ghyll,9447,1
syd-brook,9461,1
the-porter-river,9444,1
west-beck-county-durham,9442,1
yeolands-stream,9450,1
river-lodden-dorset,3307,1
beauvale-brook,9474,1
beverley-and-barmston-drain,8381,1
beverley-and-barmston-drain,9385,2
beverley-and-barmston-drain,8335,3
blind-beck,9493,1
borsdane-brook,9472,1
borough-beck,9465,1
boyces-brook,9481,1
bradwell-brook,9475,1
broadlane-beck,9467,1
brough-clough,8036,1
cowbridge-beck,9468,1
crook-beck,9469,1
eea-river,9482,1
ewood-mill-race,9490,1
ewood-mill-race,9491,2
gill-beck,9489,1
heys-brook,9478,1
horsebridge-dyke,9480,1
keyingham-drain,8379,1
kirk-beck,9477,1
lowfield-drain,9476,1
market-weighton-canal,8333,1
new-mill-dike,9466,1
gouthwaite-reservoir,9487,1
roam-drain,8384,1
stocksfield-burn,9470,1
woodborough-brook,9473,1
wyre-river,9492,1
birkey-burn,9518,1
black-brook-lancashire,9479,1
cound-brook,9512,1
dun-navigation-canal,9516,1
golden-brook,9495,1
kenwater,9508,1
kings-sedgemoor-drain,9500,1
kings-sedgemoor-drain,9499,2
loftus-beck,9517,1
mor-brook,9504,1
newlyn-coombe-river,9498,1
oxton-dumble,9519,1
pudding-brook,9515,1
river-clun,9501,1
river-iwerne,9511,1
river-trym,9494,1
tottle-brook,9496,1
