station_id,slug,order
6075,alconbury-brook,1
6161,alconbury-brook,2
6150,alconbury-brook,3
4174,aldford-brook,1
9254,aldingbourne-rife,1
3204,aller-brook,1
9324,allison-dike,1
8311,alverthorpe-beck,1
8353,alverthorpe-beck,2
4166,alwen,1
4186,alyn,1
4242,alyn,2
4243,alyn,3
4182,alyn,4
4244,alyn,5
7021,ampney-brook,1
7022,ampney-brook,2
8168,arkle-beck,1
5002,arrowe-brook,1
2199,ashbrooke,1
9171,atherfield-brook,1
6248,babingley-river,1
9147,back-delfin,1
2015,badsey-brook,1
2210,bagley-brook,1
9328,bagley-dike,1
5197,baguley-brook,1
9334,baildon-dike,1
9046,balne-beck,1
9399,balne-beck,2
2235,barbourne-brook,1
2236,barbourne-brook,2
8236,bardsey-beck,1
9235,barge-canal,1
6052,barlings-eau,1
9361,barmston-drain,1
9251,barnham-rife,1
9170,bartley-water,1
9221,bartley-water,2
9264,bartley-water,3
9263,bartley-water,4
6242,barton-haven,1
9032,batley-beck,1
8348,batley-beck,2
8347,batley-beck,3
7091,bear-brook,1
9201,beaulieu-river,1
9239,beaulieu-river,2
9238,beaulieu-river,3
4259,bechan-brook,1
9142,bedale-beck,1
8018,bedburn-beck,1
7292,beverley-brook,1
7293,beverley-brook,2
7297,beverley-brook,3
7298,beverley-brook,4
7299,beverley-brook,5
9227,bickerly-mill-stream,1
9145,bielby-beck,1
6071,billinghay-skirth,1
6227,billinghay-skirth,2
6246,bin-brook,1
8229,bishop-monkton-beck,1
2161,black-brook-leicestershire,1
9413,black-brook-yorkshire,1
8341,blackburn-brook,1
8261,blackburn-brook,2
9144,blackfoss-beck,1
8297,blacup-beck,1
7061,bloxham-brook,1
8332,blue-beck,1
3395,bodmin-town-leat,1
3173,bolingey-stream,1
9255,bosham-stream,1
2191,bottle-brook,1
9365,boundary-brook,1
6262,bourn-brook,1
6197,bourn-brook,2
9111,bourne-brook,1
9231,bourne-rivulet,1
9205,bourne-rivulet,2
2224,bow-brook,1
2010,bow-brook,2
8375,bowmont-water,1
9390,bradford-beck,1
9048,bradford-beck,2
3109,bradiford-water,1
3411,bradley-brook,1
8329,bramham-beck,1
9417,brampton-beck,1
6122,brampton-branch,3
6102,brampton-branch,4
6218,brampton-branch,1
6118,brampton-branch,2
9039,bridgehouse-beck,1
9122,brinkworth-brook,1
3419,brinkworth-brook,2
3032,brislington-brook,1
5110,broad-fleet,1
8188,brompton-beck,1
8254,brook-dike,1
9344,brough-beck,2
8284,brough-beck,3
8283,brough-beck,1
8035,broughton-beck,1
6164,broughton-brook,1
9386,browney-dyke,1
9176,brownwich-stream,1
9304,buck-beck,1
3348,budleigh-brook,1
3236,budleigh-brook,2
7075,bulstake-stream,1
6133,bumpstead-brook,1
9443,burn-valley-beck,1
5185,burrow-beck,1
7255,burstow-stream,1
7256,burstow-stream,2
8239,burstwick-drain,1
6256,bury-brook,1
9321,bushy-beck,1
3022,by-brook,1
3040,by-brook,2
7228,caker-stream,1
4263,camlad,1
1050,candover-stream,1
9110,canley-brook,1
9097,canley-brook,2
3378,cannington-brook,1
9307,cannon-brook,1
7355,canons-brook,1
3161,carnon-river,1
9327,carr-brook,1
8322,catcliffe-drain,1
4162,ceiriog,1
6136,chad-brook,1
7404,chalgrove-brook,1
8318,charlton-brook,1
3410,cheddar-yeo,1
1057,cheriton-stream,1
3031,chew-stoke-brook,1
7008,ching-brook,1
7373,ching-brook,2
3321,chitterne-brook,1
9409,church-beck,1
9279,clackers-brook,1
7039,clanfield-brook,1
9057,clay-coton-brook,1
9457,clennon-valley-watercourse,1
6156,clipstone-brook,1
8362,clow-beck,1
5033,coal-burn,1
3387,coastal-stream,1
7363,cobbins-brook,1
7364,cobbins-brook,2
9350,cock-beck,1
2215,cocker-beck,1
5113,cockers-dyke,1
8270,cockshaw-burn,1
8271,cockshaw-burn,2
8273,cockshaw-burn,3
8286,cod-beck,1
8287,cod-beck,2
8063,cod-beck,3
9437,cole-brook,1
3033,colliters-brook,1
7199,colne-brook,1
9297,colne-brook,2
7212,colne-brook,3
7208,colne-brook,4
5188,colne-water,1
1166,combe-haven,1
3117,coney-gut,1
3108,coney-gut,2
3060,congresbury-yeo,1
9406,costa-beck,1
7400,cove-brook,2
9408,cove-brook,1
8321,cragg-brook,1
7233,cranleigh-waters,1
7235,cranleigh-waters,2
7377,cripsey-brook,1
7378,cripsey-brook,2
1167,cuckmere-&-pevensey-levels,1
8016,cundall-beck,1
5209,cunsey-beck,1
3064,currymoor-drain,1
5040,dacre-beck,1
9210,danes-stream,1
9208,danes-stream,2
2183,daniels-brook,1
9416,daniels-brook,2
3030,dauntsey-brook,1
3404,dawlish-water,1
2231,day-brook,1
3136,de-lank-river,1
5133,dean,1
8301,dean-bottom-beck,1
9431,dean-burn,1
7283,deans-brook,1
2229,dimore-brook,1
2221,dimore-brook,2
3313,docken's-water,1
7278,dollis-brook,1
7279,dollis-brook,2
9261,doniford-stream,1
3087,doniford-stream,2
3090,doniford-stream,3
7029,dorcan-brook,1
3278,river-frome-dorset,1
3277,river-frome-dorset,2
3272,river-frome-dorset,3
3275,river-frome-dorset,4
3280,river-frome-dorset,5
2232,dover-beck,1
5227,dovers-brook,1
2023,dowles-brook,1
9241,dragley-beck,1
9423,dulas-brook,1
8243,ea-beck,1
8244,ea-beck,2
8151,ea-beck,3
5200,eagley-brook,1
8070,earby-beck,1
8250,earby-beck,2
7238,east-clandon-stream,1
3215,east-dart-river,1
6229,east-fen-catchwater,1
6033,east-glen-river,1
6040,east-glen-river,2
3099,east-lyn-river,1
3407,east-okement-river,1
1129,east-stour-kent,1
9140,east-stour-kent,2
3359,east-wilder-brook,1
8060,eastburn-beck,2
9184,eastern-yar,1
9168,eastern-yar,2
9185,eastern-yar,3
9215,eastern-yar,4
1018,eastern-yar,5
7284,edgware-brook,1
9079,egginton-brook,1
9315,eller-beck,1
9316,eller-beck,2
8187,eller-beck,3
9317,eller-beck,4
9357,elvington-beck,1
7153,emm-brook,1
4168,emral-brook,1
9105,endon-brook,1
1076,eridge-stream,1
7098,ewelme-brook,1
3253,exminster-marshes,1
3241,exminster-marshes,2
8306,farnley-beck,1
8260,fenay-beck,1
9260,ferring-rife,1
2094,field-drain,1
9056,finham-brook,1
9195,fishlake-stream,1
8373,fleet-drain,1
8338,fleet-drain,2
2096,flood-channel,1
9087,ford-brook,1
9424,ford-stream,1
9098,ford-green-brook,1
6047,fosdyke-canal,1
6066,foston-beck,1
9088,foston-brook,1
7130,foudry-brook,1
9086,fowlea-brook,1
9288,fowler-bridge-drain,1
7197,frays-river,1
7205,frays-river,2
9362,frodingham-beck,1
2214,gaddesby-brook,1
7251,gatwick-stream,1
7252,gatwick-stream,2
7253,gatwick-stream,3
3018,gauze-brook,1
4164,gelyn,1
9092,gilwiskaw-brook,1
7082,ginge-brook,1
5228,glaze-brook,1
3234,glen-stream,1
9113,glenridding-beck,1
5079,glossop-brook,1
8252,eastburn-beck,1
8344,gowdall-ings,1
2233,grace-dieu-brook,1
1132,great-stour-kent,1
1137,great-stour-kent,2
1133,great-stour-kent,3
1145,great-stour-kent,4
1135,great-stour-kent,5
9274,great-stour-kent,6
1143,great-stour-kent,7
9148,great-stour-kent,8
1134,great-stour-kent,9
9130,great-stour-kent,10
9083,great-stour-kent,11
9384,green-dyke,1
9323,grimescar-dike,1
1046,gurnard-luck,1
3421,gwyle,1
8029,gypsey-race,1
6231,hagnaby-beck,1
9440,halford-stream,1
3081,halse-water,1
6105,harpers-brook,2
9396,harpers-brook,1
8092,hart-burn,1
8363,hartburn-beck,1
8093,harwood-beck,1
2207,hatherley-brook,1
2208,hatherley-brook,2
5025,haweswater-beck,1
5211,haweswater-beck,2
3396,hawkcombe-stream,1
6268,heacham-river,1
9319,hebble-brook,1
8152,hebden-water,1
6061,heighington-beck,1
9458,hele-stream,1
5191,hellifield-beck,1
9069,henmore-brook,1
2126,henmore-brook,2
9202,hermitage-stream,1
6210,river-thurne,1
9451,higher-brixham-watercourse,1
3084,hillfarrance-brook,1
9101,hilton-brook,1
9120,hinksey-stream,1
7076,hinksey-stream,2
8045,hodge-beck,1
7241,hoe-stream,1
7264,hogsmill-river,1
7265,hogsmill-river,2
7266,hogsmill-river,3
9153,hol-beck,1
8383,holderness-drain,1
9389,holderness-drain,2
8382,holderness-drain,3
8234,holgate-beck,1
9033,holme-brook,1
4031,honddu,1
3091,horner-water,1
2179,horsbere-brook,1
9028,horsbere-brook,2
2222,horsbere-brook,3
9294,horsbere-brook,4
2180,horsbere-brook,5
8230,hovingham-beck,1
7159,hughenden-stream,1
3065,huish-level-rhyne,1
6090,huntingfield-watercourse,1
7249,ifield-brook,1
9428,illey-brook,1
8312,ings-beck,1
8065,ings-beck,2
4001,irfon,1
4010,irfon,2
4018,ithon,1
4012,ithon,2
7164,jubilee-river,1
9313,kelbrook-beck,1
3405,kenwith-stream,1
8111,kielder-burn,1
8212,killhope-burn,1
8185,kilton-beck,1
9425,kingsbridge-north-watercourse,1
7127,kingsclere-brook,1
9402,knoll-beck,1
9438,knowle-stream,1
7322,kyd-brook,1
7323,kyd-brook,2
7324,kyd-brook,3
7325,kyd-brook,4
7326,kyd-brook,5
7321,kyd-brook-east-branch,1
2198,kyre-brook,1
2197,kyre-brook,2
6243,laceby-beck,1
6244,laceby-beck,2
3107,landkey-brook,1
8302,lands-beck,1
7069,langford-brook,1
3390,lariggan-river,1
7237,law-brook,1
2088,ledwyche-brook,1
2070,leigh-brook,1
7004,letcombe-brook,1
7080,letcombe-brook,2
7079,letcombe-brook,3
8125,levisham-beck,1
2209,lilley-brook,1
5116,limey-water,1
9370,little-avon-river,1
3118,little-dart-river,1
3400,little-salt-moor-rhyne,1
1139,little-stour,1
7234,littlemead-brook,1
3288,litton-cheney-stream,1
2089,lledan-brook,1
4032,llynfi,1
5213,lochinvar-beck,1
3198,long-brook,1
3379,longload-main-drain,1
9322,longwood-brook,1
9391,low-moor-beck,1
9186,lukely-brook,1
9204,lukely-brook,2
8275,lustrum-beck,1
9099,lyme-brook,1
1062,lymington,1
1060,lymington,2
9262,lymington,3
1024,lymington,4
7168,maidenhead-ditch,1
3388,manacan-river,1
3284,mangerton-brook,1
9103,marchington-brook,1
9452,marsh-water,1
7023,marston-meysey-brook,1
9018,marton-west-beck,1
9351,marton-west-beck,2
6230,maud-foster/stonebridge-drain,1
7408,meadlake-ditch,1
8327,meanwood-beck,1
5222,mearley-brook,1
6038,medbourne-brook,1
6032,medbourne-brook,2
9112,meece-brook,1
9441,meers-brook,1
3024,mells-river,1
3050,mells-river,2
7236,merrow-common-stream,1
3393,mevagissey-stream,1
9378,mickley-dyke,1
3045,midford-brook,1
9359,mill-beck-back-delphin,1
9343,mill-beck-derwent,1
7223,mill-bourne,1
7103,mill-brook-oxfordshire,1
9421,mill-brook-herefordshire,1
9426,mill-brook-devon,1
7176,mimmshall-brook,1
7177,mimmshall-brook,2
8238,mires-beck,1
9383,monk-dyke,1
1051,monks-brook,1
1058,monks-brook,2
3086,monksilver-stream,1
9217,monktonmead-brook,1
9209,monktonmead-brook,2
4015,monnow,1
4049,monnow,2
4024,monnow,3
8274,moors-burn,1
3301,moors-river,3
9398,moors-river,2
9397,moors-river,1
7281,mutton-brook,1
1131,nailbourne,1
7360,nazeing-brook,1
5203,netherley-brook,1
9287,nettleham-beck,1
2095,new-cut,1
7306,norbury-brook,1
3053,north-drain,1
3415,northmoor-main-drain,1
3061,northmoor-main-drain,2
3005,nunney-brook,1
8255,oakenshaw-beck,1
6295,oakington-brook,1
8155,oakley-cross-beck,1
5082,ogden-brook,1
9403,oil-mill-beck,1
6252,old-bedford-river,1
6261,old-bedford-river,2
6245,old-bedford-river,3
1130,old-mill-stream,1
9291,oldbury-naite-rhyne,1
8374,ormesby-beck,1
9433,otterton-brook,1
8075,oulton-beck,2
9400,oulton-beck,1
8222,ouse-burn,1
8085,ouse-burn,2
8058,ouse-burn,3
9434,ouse-dyke,1
6224,ousemere-lode,1
9174,oxlease-drain,1
3159,par-river,1
3167,par-river,2
9462,parham-beck,1
9446,pearl-brook,1
3339,penberth-stream,1
5118,pendle-water,1
5087,pendle-water,2
5011,pendle-water,3
9022,pent-stream,1
3175,perrancombe-stream,1
3168,perrancombe-stream,2
3391,perrancombe-stream,3
9234,petersfield-stream,1
9233,petersfield-stream,2
7135,petty's-brook,1
8126,pickering-beck,1
9005,pickering-beck,2
8161,pickering-beck,3
8330,pickering-beck,4
9104,picknall-brook,1
2223,piddle-brook,1
9222,pillhill-brook,1
5192,pimlico-brook,1
7352,pincey-brook,1
7354,pishiobury-brook,1
8279,pocklington-beck,1
6222,pointon-lode,1
8339,porter-brook,1
8340,porter-brook,2
7206,poyle-channel,1
5201,poynton-brook,1
3158,praze-stream,1
9340,priorpot-beck,1
7294,pyl-brook,1
7295,pyl-brook,2
7296,pyl-brook,3
7370,pymmes-brook,1
7371,pymmes-brook,2
7372,pymmes-brook,3
6272,quy-water,1
7175,radlett-brook,1
7006,radlett-brook,2
7359,rags-brook,1
6091,rattlesden-river,1
2013,rea-brook,1
3389,red-cornwall,1
7181,red-hertfordshire,1
7258,redhill-brook,1
9107,ridings-brook,1
6160,river-kym,1
9084,rising-brook,1
1006,river-adur,1
1001,river-adur,2
1032,river-adur,3
8083,river-aire,1
8189,river-aire,2
8054,river-aire,3
8112,river-aire,4
8199,river-aire,5
8345,river-aire,6
8056,river-aire,7
8346,river-aire,8
9017,river-aire,9
8120,river-aire,10
8009,river-aire,11
8061,river-aire,12
9151,river-aire,13
9152,river-aire,14
8079,river-aire,15
9310,river-aire,16
9309,river-aire,17
9311,river-aire,18
8320,river-aire,19
8042,river-aire,20
9312,river-aire,21
8077,river-aire,22
8122,river-aire,23
9042,river-aire,24
8017,river-aire,25
8350,river-aire,26
8294,river-aire,27
8041,river-aire,28
8003,river-aire,29
6085,river-alde,1
6298,river-alde,2
6296,river-alde,3
3145,river-allen-cornwall-north,1
3171,river-allen-cornwall-south,1
9007,river-allen-dorset,1
3299,river-allen-dorset,2
3092,river-aller,1
2083,river-alne,1
2048,river-alne,2
1053,river-alre,1
9193,river-alre,2
5078,river-alt,1
9175,river-alver,1
2120,river-amber,1
6239,river-ancholme,1
6241,river-ancholme,2
6016,river-ancholme,3
9064,river-anker,1
9063,river-anker,2
2112,river-anker,3
6216,river-ant,1
9169,river-anton,1
9198,river-anton,2
9199,river-anton,3
4020,river-arrow-herefordshire,1
4035,river-arrow-herefordshire,2
2195,river-arrow-herefordshire,3
2047,river-arrow-warwickshire,1
2052,river-arrow-warwickshire,2
9243,river-arun,1
1165,river-arun,2
1168,river-arun,3
1014,river-arun,4
1017,river-arun,5
9245,river-arun,6
1011,river-arun,7
9248,river-arun,8
1162,river-arun,9
7345,river-ash-hertfordshire,1
7346,river-ash-hertfordshire,2
7347,river-ash-hertfordshire,3
7247,river-ash-middlesex,1
7248,river-ash-middlesex,2
3221,river-ashburn,1
3222,river-ashburn,2
3290,river-asker,1
3283,river-asker,2
3027,river-avon-bristol,1
3016,river-avon-bristol,2
3041,river-avon-bristol,3
3042,river-avon-bristol,4
3043,river-avon-bristol,5
3416,river-avon-bristol,6
3414,river-avon-bristol,7
3037,river-avon-bristol,8
3013,river-avon-bristol,9
3014,river-avon-bristol,10
9123,river-avon-corsham,1
3220,river-avon-devon,1
3218,river-avon-devon,2
3323,river-avon-hampshire,1
3324,river-avon-hampshire,2
3325,river-avon-hampshire,3
3374,river-avon-hampshire,4
3375,river-avon-hampshire,5
3370,river-avon-hampshire,6
3315,river-avon-hampshire,7
3314,river-avon-hampshire,8
3320,river-avon-hampshire,9
2042,river-avon-warwickshire,1
2043,river-avon-warwickshire,2
9072,river-avon-warwickshire,3
2044,river-avon-warwickshire,4
2046,river-avon-warwickshire,5
2234,river-avon-warwickshire,6
2002,river-avon-warwickshire,7
2049,river-avon-warwickshire,8
9025,river-avon-warwickshire,9
2056,river-avon-warwickshire,10
2050,river-avon-warwickshire,11
3227,river-axe-devon,1
3350,river-axe-devon,2
3229,river-axe-devon,3
3238,river-axe-devon,4
3059,river-axe-somerset,1
6063,river-bain,1
6060,river-bain,2
6041,river-bain,3
2062,river-banwy,1
3242,river-barle,1
3257,river-barle,2
3345,river-batherm,1
5229,river-beal,1
5134,river-beal,2
7383,river-beam,1
7337,river-beane,1
7340,river-beane,2
7339,river-beane,3
7341,river-beane,4
1086,river-beult,1
1085,river-beult,2
5163,river-bela,1
5041,river-birket,1
5053,river-birket,2
3047,river-biss,1
9121,river-biss,1
6142,river-blackwater-essex,1
6143,river-blackwater-essex,2
7150,river-blackwater-loddon,6
7149,river-blackwater-loddon,5
7143,river-blackwater-loddon,4
7142,river-blackwater-loddon,3
7140,river-blackwater-loddon,2
7137,river-blackwater-loddon,1
9212,river-blackwater-new-forest,1
5064,river-blakewater,1
9445,river-blakewater,2
9089,river-blithe,1
9090,river-blithe,2
9081,river-blithe,3
8291,river-blyth,1
8026,river-blyth,2
2151,river-blythe,1
2143,river-blythe,2
5102,river-bollin,1
5114,river-bollin,2
5153,river-bollin,3
5016,river-bollin,4
7224,river-bourne-addlestone,1
7225,river-bourne-addlestone,2
7219,river-bourne-chertsey,3
7220,river-bourne-chertsey,4
7217,river-bourne-chertsey,1
7218,river-bourne-chertsey,2
1073,river-bourne-kent,1
3309,river-bourne-wiltshire,4
3311,river-bourne-wiltshire,1
3310,river-bourne-wiltshire,2
3319,river-bourne-wiltshire,3
3225,river-bovey,1
3207,river-bovey,2
9420,river-bovey-wifford-tributary,1
6080,river-box,1
6081,river-box,2
3021,river-boyd,1
3039,river-boyd,2
6144,river-brain,1
6053,river-brant,1
6221,river-brant,2
5161,river-brathay,1
9339,river-bray,1
3112,river-bray,2
1127,river-brede,1
1120,river-brede,2
7282,river-brent,1
7289,river-brent,2
7290,river-brent,3
7291,river-brent,4
7007,river-brent,5
6079,river-brett,1
6082,river-brett,2
3285,river-bride,1
3281,river-brit,1
3293,river-brit,2
3294,river-brit,3
5022,river-brock,1
5120,river-brock,2
8038,river-browney,1
3056,river-brue,1
3055,river-brue,2
3057,river-brue,3
3058,river-brue,4
5224,river-brun,1
7186,river-bulbourne,1
7187,river-bulbourne,2
1156,river-bull,1
1154,river-bull,2
6094,river-bure,1
6099,river-bure,2
6211,river-bure,3
6215,river-bure,4
6203,river-bure,5
6202,river-bure,6
6093,river-burn,1
1122,river-dudwell,1
3351,river-caen,1
3346,river-caen,2
3119,river-caen,3
4261,river-cain,1
4262,river-cain,2
5027,river-calder-cumbria,1
5104,river-calder-lancashire,1
5189,river-calder-lancashire,2
5105,river-calder-lancashire,3
5150,river-calder-lancashire,4
8305,river-calder-yorkshire,1
8205,river-calder-yorkshire,2
9318,river-calder-yorkshire,3
8343,river-calder-yorkshire,4
8097,river-calder-yorkshire,5
9167,river-calder-yorkshire,6
8048,river-calder-yorkshire,7
9031,river-calder-yorkshire,8
8191,river-calder-yorkshire,9
8298,river-calder-yorkshire,10
8073,river-calder-yorkshire,11
8032,river-calder-yorkshire,12
8096,river-calder-yorkshire,13
8124,river-calder-yorkshire,14
8066,river-calder-yorkshire,15
8100,river-calder-yorkshire,16
8209,river-calder-yorkshire,17
9320,river-calder-yorkshire,18
8134,river-calder-yorkshire,19
5125,river-caldew,1
5039,river-caldew,2
5042,river-caldew,3
5173,river-caldew,4
3298,river-cale,1
6189,river-cam-cambridgeshire,1
6190,river-cam-cambridgeshire,2
6192,river-cam-cambridgeshire,3
6193,river-cam-cambridgeshire,4
6198,river-cam-cambridgeshire,5
2074,river-cam-severn,1
2077,river-cam-severn,2
3078,river-cam-somerset,1
3134,river-camel,1
9303,river-camel,2
9149,river-camel,3
3153,river-camel,4
3132,river-camel,5
6149,river-can,1
3286,river-char,1
6034,river-chater,1
6145,river-chelmer,1
6146,river-chelmer,2
6147,river-chelmer,3
2170,river-chelt,1
2172,river-chelt,2
2171,river-chelt,3
2173,river-chelt,4
2174,river-chelt,5
7058,river-cherwell,1
7059,river-cherwell,2
7060,river-cherwell,3
7063,river-cherwell,4
7064,river-cherwell,5
7066,river-cherwell,6
9082,river-cherwell,7
7071,river-cherwell,8
9119,river-cherwell,9
7189,river-chess,1
7190,river-chess,2
3044,river-chew,1
7015,river-churn,1
7016,river-churn,2
7017,river-churn,3
2154,river-churnet,1
9073,river-churnet,2
2127,river-churnet,3
9074,river-churnet,4
2153,river-churnet,5
3249,river-clyst,1
3355,river-clyst,2
3250,river-clyst,3
2054,river-clywedog,1
3392,river-cober,1
3160,river-cober,2
3338,river-cober,3
3169,river-cober,4
5123,river-cocker,1
5129,river-cocker,2
5128,river-cocker,3
2157,river-cole-staffordshire,1
2129,river-cole-staffordshire,2
9065,river-cole-staffordshire,3
7028,river-cole-wiltshire,1
7030,river-cole-wiltshire,2
7031,river-cole-wiltshire,3
7025,river-coln,1
7026,river-coln,2
7406,river-coln,3
6138,river-colne-essex,1
6139,river-colne-essex,2
6140,river-colne-essex,3
6003,river-colne-essex,4
7179,river-colne-hertfordshire,1
7184,river-colne-hertfordshire,2
9296,river-colne-hertfordshire,3
7192,river-colne-hertfordshire,4
7196,river-colne-hertfordshire,5
7198,river-colne-hertfordshire,6
9298,river-colne-hertfordshire,7
7200,river-colne-hertfordshire,8
9436,river-colne-hertfordshire,9
7207,river-colne-hertfordshire,10
7211,river-colne-hertfordshire,11
8258,river-colne-yorkshire,1
8317,river-colne-yorkshire,2
8105,river-colne-yorkshire,3
8053,river-colne-yorkshire,4
3232,river-coly,1
5054,river-conder,1
8008,river-coquet,1
8173,river-coquet,2
8143,river-coquet,3
8369,river-coquet,4
2065,river-corve,1
5165,river-crake,1
5092,river-crake,2
7276,river-crane,1
7277,river-crane,2
1037,river-cray,1
1036,river-cray,2
3245,river-creedy,1
3261,river-creedy,2
8023,river-crimple,2
9410,river-crimple,1
5049,river-croal,1
6129,river-crouch,1
6127,river-crouch,2
1153,river-cuckmere,1
3347,river-culm,1
3259,river-culm,2
9430,river-culm,3
3247,river-culm,4
5073,river-dane,1
5036,river-dane,2
5121,river-dane,3
9300,river-darent,1
9301,river-darent,2
9136,river-darent,3
1040,river-darent,4
9137,river-darent,5
1038,river-darent,6
3216,river-dart,1
3406,river-dart,2
3363,river-dart,3
9463,river-darwen,1
5061,river-darwen,2
5048,river-darwen,3
9448,river-darwen,3
5015,river-darwen,4
9329,river-dearne,1
8240,river-dearne,2
8062,river-dearne,3
8015,river-dearne,4
8101,river-dearne,5
8064,river-dearne,6
8027,river-dearne,7
8002,river-dearne,8
9333,river-dearne,9
9332,river-dearne,10
6087,river-deben,1
6297,river-deben,2
4178,river-dee,1
4165,river-dee,2
4152,river-dee,3
4163,river-dee,4
4176,river-dee,5
4241,river-dee,6
4170,river-dee,7
4173,river-dee,8
9029,river-dene-gloucestershire,1
9078,river-dene-warwickshire,1
2029,river-dene-warwickshire,2
5178,river-derwent-cumbria,1
5174,river-derwent-cumbria,2
5179,river-derwent-cumbria,3
5103,river-derwent-cumbria,4
5181,river-derwent-cumbria,5
5180,river-derwent-cumbria,6
5155,river-derwent-cumbria,7
2097,river-derwent-derbyshire,1
2230,river-derwent-derbyshire,2
2118,river-derwent-derbyshire,3
2103,river-derwent-derbyshire,4
2138,river-derwent-derbyshire,5
2130,river-derwent-derbyshire,6
8376,river-derwent-northumberland,1
8272,river-derwent-northumberland,2
8292,river-derwent-northumberland,3
9355,river-derwent-yorkshire,1
8214,river-derwent-yorkshire,2
8132,river-derwent-yorkshire,3
8131,river-derwent-yorkshire,4
8130,river-derwent-yorkshire,5
9356,river-derwent-yorkshire,6
8039,river-derwent-yorkshire,7
8280,river-derwent-yorkshire,8
8074,river-derwent-yorkshire,9
8037,river-derwent-yorkshire,10
9358,river-derwent-yorkshire,11
9388,river-derwent-yorkshire,12
9173,river-dever,1
2190,river-devon,1
7041,river-dikler,1
8197,river-doe-lea,1
8247,river-don,1
9326,river-don,2
8323,river-don,3
8248,river-don,4
8090,river-don,5
8174,river-don,6
8175,river-don,7
9375,river-don,8
8135,river-don,9
8349,river-don,10
8067,river-don,11
8242,river-don,12
8259,river-don,13
4027,river-dore,1
5117,river-douglas,1
5152,river-douglas,2
5006,river-douglas,3
5106,river-douglas,4
5147,river-douglas,5
9019,river-dour,1
8117,river-dove-north-yorkshire,1
8241,river-dove-south-yorkshire,1
2119,river-dove-staffordshire,1
9070,river-dove-staffordshire,2
2101,river-dove-staffordshire,3
2133,river-dove-staffordshire,4
2150,river-dove-staffordshire,5
9059,river-dove-staffordshire,6
2107,river-dove-staffordshire,7
9338,river-drone,1
8069,river-drone,2
5142,river-duddon,1
5044,river-duddon,2
1121,river-darwell,1
2017,river-dulas,1
7120,river-dun-berkshire,1
9232,river-dun-hampshire,1
5206,river-eamont,1
5168,river-eamont,2
5046,river-eamont,3
5141,river-eamont,4
8005,river-east-allen,1
2211,river-eau,1
3371,river-ebble,1
3318,river-ebble,2
2124,river-ecclesbourne,1
5157,river-eden-cumbria,1
5059,river-eden-cumbria,2
5005,river-eden-cumbria,3
5138,river-eden-cumbria,4
5058,river-eden-cumbria,5
5081,river-eden-cumbria,6
5171,river-eden-cumbria,7
5127,river-eden-cumbria,8
1081,river-eden-kent,1
1071,river-eden-kent,2
1091,river-eden-kent,3
1084,river-eden-kent,4
5014,river-ehen,1
5047,river-ehen,2
5018,river-ehen,3
4008,river-elan,1
5024,river-ellen,1
1155,river-ems,1
7128,river-enborne,1
2155,river-erewash,1
2159,river-erewash,2
2164,river-erewash,3
3208,river-erme,1
3219,river-erme,2
5207,river-esk-north-cumbria,1
5037,river-esk-west-cumbria,1
8331,river-esk-yorkshire,1
8232,river-esk-yorkshire,2
8233,river-esk-yorkshire,3
8216,river-esk-yorkshire,4
5154,river-etherow,1
5035,river-etherow,2
7002,river-evenlode,1
7050,river-evenlode,2
9050,river-evenlode,3
7051,river-evenlode,4
7053,river-evenlode,5
7054,river-evenlode,6
3254,river-exe,1
3256,river-exe,2
3258,river-exe,3
3246,river-exe,4
3260,river-exe,5
9427,river-exe,6
3251,river-exe,7
9010,river-exe,8
3094,river-exe,9
3174,river-fal,1
3164,river-fal,2
6077,river-flit,1
8154,river-font,1
9305,river-foss,1
8235,river-foss,2
9387,river-foss,3
9141,river-foulness,1
8282,river-foulness,2
3142,river-fowey,1
3139,river-fowey,2
3152,river-fowey,3
3386,river-fowey,4
3009,river-frome-bristol,1
3023,river-frome-bristol,2
3029,river-frome-bristol,3
3036,river-frome-bristol,4
3413,river-frome-bristol,5
3412,river-frome-bristol,6
2175,river-frome-severn,1
2176,river-frome-severn,2
2019,river-frome-severn,3
2177,river-frome-severn,4
4223,river-frome-wye,1
4003,river-frome-wye,2
4036,river-frome-wye,3
6092,river-fromus,1
7185,river-gade,1
7188,river-gade,2
3135,river-gannel,1
8055,river-gaunless,1
8128,river-gaunless,2
8361,river-gaunless,3
8192,river-gaunless,4
8360,river-gaunless,5
8068,river-gaunless,6
8198,river-gaunless,7
5074,river-gelt,1
6086,river-gipping,1
6135,river-glem,1
6035,river-glen,1
6022,river-glen,2
5140,river-glenderamackin,1
7052,river-glyme,1
9131,river-gowan,1
5019,river-gowy,1
5232,river-goyt,1
5096,river-goyt,2
6074,river-granta,1
6194,river-granta,2
6195,river-granta,3
7307,river-graveney,1
7308,river-graveney,2
6158,river-great-ouse,1
6183,river-great-ouse,2
6159,river-great-ouse,3
6274,river-great-ouse,4
6185,river-great-ouse,5
6163,river-great-ouse,6
6387,river-great-ouse,7
6162,river-great-ouse,8
6276,river-great-ouse,9
6166,river-great-ouse,10
6167,river-great-ouse,11
6168,river-great-ouse,12
6291,river-great-ouse,13
6169,river-great-ouse,14
6289,river-great-ouse,15
6171,river-great-ouse,16
6172,river-great-ouse,17
6173,river-great-ouse,18
6174,river-great-ouse,19
6078,river-great-ouse,20
6264,river-great-ouse,21
6175,river-great-ouse,22
6176,river-great-ouse,23
6177,river-great-ouse,24
6178,river-great-ouse,25
6179,river-great-ouse,26
6180,river-great-ouse,27
6278,river-great-ouse,28
6254,river-great-ouse,29
6290,river-great-ouse,30
9380,river-great-ouse,31
6009,river-great-ouse,32
2216,river-greet,1
9419,river-greta-cumbria,1
5060,river-greta-cumbria,2
5175,river-greta-cumbria,3
8177,river-greta-durham,1
9354,river-haddeo,1
9353,river-haddeo,2
9342,river-haddeo,3
9352,river-haddeo,4
9211,river-hamble,1
9197,river-hamble,2
9203,river-hamble,3
9200,river-hamble,4
2117,river-hamps,1
3210,river-harbourne,1
3217,river-harbourne,2
3360,river-harbourne,3
7148,river-hart,1
7147,river-hart,2
7146,river-hart,3
7145,river-hart,4
3166,river-hayle,1
3165,river-hayle,2
3172,river-hayle,3
5156,river-hindburn,1
8300,river-hipper,1
8047,river-hipper,2
8295,river-hipper,3
6076,river-hiz,1
5071,river-hodder,1
8342,river-holme,1
8165,river-holme,2
3271,river-hooke,1
9367,river-hull,8
9385,river-hull,6
8381,river-hull,4
9364,river-hull,2
8103,river-hull,10
8335,river-hull,9
9366,river-hull,7
8281,river-hull,5
8385,river-hull,3
9146,river-hull,1
5223,river-hyndburn,1
2156,river-idle,1
2106,river-idle,2
7384,river-ingrebourne,1
9325,river-ingrebourne,2
3181,river-inny,1
5034,river-irk,1
5182,river-irt,1
5183,river-irthing,1
5195,river-irwell,1
5075,river-irwell,2
5136,river-irwell,3
5115,river-irwell,4
5026,river-irwell,5
5230,river-irwell,6
5076,river-irwell,7
5095,river-irwell,8
5003,river-irwell,9
2193,river-isbourne,1
2194,river-isbourne,2
2024,river-isbourne,3
6109,river-ise,1
6113,river-ise,2
6104,river-ise,3
3076,river-isle,1
3077,river-isle,2
3380,river-isle,3
1054,river-itchen-hampshire,1
9194,river-itchen-hampshire,2
1052,river-itchen-hampshire,3
1059,river-itchen-hampshire,4
1055,river-itchen-hampshire,5
1048,river-itchen-hampshire,6
9220,river-itchen-hampshire,7
1049,river-itchen-hampshire,8
1056,river-itchen-hampshire,9
1034,river-itchen-hampshire,10
2080,river-itchen-warwickshire,1
6182,river-ivel,1
6181,river-ivel,2
6021,river-jordan,1
6019,river-jordan,2
5131,river-keekle,1
5068,river-keer,1
3356,river-kenn-tributary,1
3385,river-kennall,1
7112,river-kennet,1
7113,river-kennet,2
7118,river-kennet,3
7117,river-kennet,4
7122,river-kennet,5
9395,river-kennet,6
7131,river-kennet,7
6249,river-kennett,1
6253,river-kennett,2
3192,river-kensey,1
3337,river-kensey,2
5017,river-kent,1
5225,river-kent,2
5126,river-kent,3
3163,river-kenwyn,1
7013,river-key,1
9143,river-kyle,1
6153,river-kym,2
6155,river-kym,3
7123,river-lambourn,1
9020,river-lambourn,2
7126,river-lambourn,3
9292,river-lambourn,4
6251,river-lark,1
6255,river-lark,2
6279,river-lark,3
6260,river-lark,4
6271,river-lark,5
9191,river-lavant-hampshire,1
9223,river-lavant-hampshire,2
1163,river-lavant-sussex,1
9244,river-lavant-sussex,2
9346,river-laver,1
8171,river-laver,2
7329,river-lea,1
7330,river-lea,2
9289,river-lea,3
7332,river-lea,4
7333,river-lea,5
7357,river-lea,7
7374,river-lea,10
7361,river-lea,8
7375,river-lea,11
7365,river-lea,9
9047,river-lea,6
7033,river-leach,1
2205,river-leadon,1
2012,river-leadon,2
2079,river-leam,1
2184,river-leam,2
2165,river-leen,1
2163,river-leen,2
3209,river-lemon,1
3223,river-lemon,2
3205,river-lemon,3
3354,river-lemon,4
9009,river-lemon,5
5160,river-leven-cumbria,1
8071,river-leven-yorkshire,1
8088,river-leven-yorkshire,2
8364,river-leven-yorkshire,3
8200,river-leven-yorkshire,4
8365,river-leven-yorkshire,5
8082,river-leven-yorkshire,6
3121,river-lew,1
3420,river-lim,1
9016,river-lin,1
6270,river-little-ouse,1
6247,river-little-ouse,2
6257,river-little-ouse,3
1009,river-lod,1
7154,river-loddon,7
7152,river-loddon,6
7151,river-loddon,5
7138,river-loddon,4
7139,river-loddon,3
7136,river-loddon,2
7134,river-loddon,1
5010,river-lostock,1
5083,river-lostock,2
3248,river-lowman,1
9008,river-lowman,2
5170,river-lowther,1
5169,river-lowther,2
9256,river-lox,1
9259,river-lox,2
8249,river-loxley,1
9038,river-loxley,2
6017,river-lud,1
4022,river-lugg,1
4007,river-lugg,2
4006,river-lugg,3
4019,river-lugg,4
5094,river-lune,1
5077,river-lune,2
5029,river-lune,3
9127,river-lune,4
5080,river-lune,5
3202,river-lyd-devon,1
2055,river-lyd-gloucestershire,1
2087,river-lyd-gloucestershire,2
3307,river-loddon-dorset,1
6112,river-lymn,1
3184,river-lynher,1
2113,river-manifold,1
3383,river-marden,1
3038,river-marden,2
9015,river-mardle,1
2212,river-maun,1
2146,river-maun,2
2147,river-maun,3
9106,river-mease,1
2186,river-meden,1
2148,river-meden,2
1047,river-medina,1
1020,river-medina,2
5194,river-medlock,1
5088,river-medlock,2
1072,river-medway,1
1088,river-medway,2
1066,river-medway,3
1067,river-medway,4
1080,river-medway,5
1090,river-medway,6
1074,river-medway,7
9124,river-medway,8
1069,river-medway,9
1089,river-medway,10
1083,river-medway,11
1064,river-medway,12
1063,river-medway,13
1029,river-medway,14
2027,river-meese,1
9177,river-meon,1
9181,river-meon,2
9178,river-meon,3
9182,river-meon,4
9179,river-meon,5
9180,river-meon,6
5021,river-mersey,1
5101,river-mersey,2
5008,river-mersey,3
5052,river-mersey,4
5149,river-mersey,5
5050,river-mersey,6
5084,river-mersey,7
7334,river-mimram,1
7335,river-mimram,2
7336,river-mimram,3
5098,river-mint,1
7194,river-misbourne,1
7407,river-misbourne,2
3110,river-mole-devon,1
3096,river-mole-devon,2
3127,river-mole-devon,3
7399,river-mole-surrey,1
7250,river-mole-surrey,2
7254,river-mole-surrey,3
7257,river-mole-surrey,4
7260,river-mole-surrey,5
7261,river-mole-surrey,6
7262,river-mole-surrey,7
7263,river-mole-surrey,8
3330,river-nadder,1
3329,river-nadder,2
6288,river-nar,1
6277,river-nar,2
3131,river-neet,1
3151,river-neet,2
6101,river-nene,1
6120,river-nene,2
6117,river-nene,3
6108,river-nene,4
6115,river-nene,5
9374,river-nene,6
6116,river-nene,7
6110,river-nene,8
6111,river-nene,9
6107,river-nene,10
6286,river-nene,11
6121,river-nene,12
6014,river-nene,13
8086,river-nidd,1
8160,river-nidd,2
8021,river-nidd,3
8121,river-nidd,4
8104,river-nidd,5
8186,river-nidd,6
3111,river-north-lew,1
8368,river-north-tyne,1
8262,river-north-tyne,2
8370,river-north-tyne,3
8019,river-north-tyne,4
8166,river-north-tyne,5
8355,river-north-tyne,6
7077,river-ock,1
7078,river-ock,2
7081,river-ock,3
7402,river-ock,4
7114,river-og,1
3122,river-okement,1
2030,river-onny,1
6089,river-ore,1
3239,river-otter,1
3237,river-otter,2
3384,river-ottery,1
3191,river-ottery,2
3341,river-ottery,3
1152,river-ouse-sussex,1
1110,river-ouse-sussex,2
1106,river-ouse-sussex,3
1107,river-ouse-sussex,4
9246,river-ouse-sussex,5
1100,river-ouse-sussex,6
9250,river-ouse-sussex,7
9249,river-ouse-sussex,8
1109,river-ouse-sussex,9
1026,river-ouse-sussex,10
8140,river-ouse-yorkshire,1
8184,river-ouse-yorkshire,2
9347,river-ouse-yorkshire,3
8208,river-ouse-yorkshire,4
8081,river-ouse-yorkshire,5
8145,river-ouse-yorkshire,6
8044,river-ouse-yorkshire,7
8180,river-ouse-yorkshire,8
8179,river-ouse-yorkshire,9
8084,river-ouse-yorkshire,10
8024,river-ouse-yorkshire,11
6152,river-ouzel,1
6154,river-ouzel,2
6165,river-ouzel,3
6258,river-ouzel,4
7104,river-pang,1
7105,river-pang,2
7106,river-pang,3
7107,river-pang,4
6141,river-pant,1
6130,river-pant,2
3075,river-parrett,1
3072,river-parrett,2
3397,river-parrett,3
9067,river-penk,1
2123,river-penk,2
2014,river-perry,1
5100,river-petteril,1
5159,river-petteril,2
5172,river-petteril,3
5214,river-petteril,4
3276,river-piddle,1
3270,river-piddle,2
3269,river-piddle,3
7397,river-pinn,1
7201,river-pinn,2
7173,river-pinn,3
7174,river-pinn,4
7005,river-pinn,5
7202,river-pinn,6
7203,river-pinn,7
7183,river-pinn,8
7204,river-pinn,9
3197,river-plym,1
3144,river-pol,1
8195,river-pont,1
8098,river-pont,2
8162,river-pont,3
7319,river-pool,1
2114,river-poulter,1
7327,river-quaggy,1
7328,river-quaggy,2
7343,river-quin,1
6238,river-rase,1
7311,river-ravensbourne,1
7310,river-ravensbourne,2
7314,river-ravensbourne,3
7320,river-ravensbourne,4
7315,river-ravensbourne,5
7312,river-ravensbourne-east-branch,1
7313,river-ravensbourne-east-branch,2
5020,river-rawthey,1
7067,river-ray,1
7068,river-ray,2
7018,river-ray,3
7019,river-ray,4
7020,river-ray,5
2026,river-rea-shropshire,1
9066,river-rea-west-midlands,1
9055,river-rea-west-midlands,2
2115,river-rea-west-midlands,3
8158,river-rede,1
8157,river-rede,2
8167,river-rede,3
6196,river-rhee,1
6199,river-rhee,2
6191,river-rhee,3
7342,river-rib,1
7344,river-rib,2
5086,river-ribble,1
5109,river-ribble,2
5056,river-ribble,3
5091,river-ribble,4
5066,river-ribble,5
5099,river-ribble,6
5119,river-ribble,7
5122,river-ribble,8
5146,river-ribble,9
8153,river-riccal,1
5199,river-roch,1
5004,river-roch,2
5231,river-roch,3
5013,river-roch,4
2011,river-roden,1
7376,river-roding,1
7379,river-roding,2
7009,river-roding,3
7380,river-roding,4
7381,river-roding,5
9282,river-rom,1
7382,river-rom,2
5162,river-rothay,2
9418,river-rothay,1
1126,river-rother-kent,1
1030,river-rother-kent,2
1164,river-rother-sussex,1
1169,river-rother-sussex,2
1013,river-rother-sussex,3
1010,river-rother-sussex,4
9335,river-rother-yorkshire,1
9034,river-rother-yorkshire,2
8091,river-rother-yorkshire,3
8296,river-rother-yorkshire,4
8217,river-rother-yorkshire,5
8114,river-rother-yorkshire,6
9045,river-rother-yorkshire,7
9382,river-rother-yorkshire,8
9345,river-rother-yorkshire,9
9044,river-rother-yorkshire,10
8253,river-rother-yorkshire,11
9336,river-rother-yorkshire,12
8172,river-ryburn,1
8309,river-ryburn,2
8033,river-rye,1
8147,river-rye,2
8102,river-rye,3
2121,river-ryton,1
2141,river-ryton,2
9295,river-salwarpe,1
2075,river-salwarpe,2
2007,river-salwarpe,3
3133,river-seaton,1
2139,river-sence-leicestershire,1
2188,river-sence-leicestershire,2
9080,river-sence-west-leicestershire,1
8183,river-seven,1
8148,river-seven,2
2033,river-severn,1
4260,river-severn,2
2034,river-severn,3
4235,river-severn,4
2009,river-severn,5
2072,river-severn,6
2068,river-severn,7
2061,river-severn,8
2067,river-severn,9
9308,river-severn,10
2004,river-severn,11
2036,river-severn,12
2058,river-severn,13
2069,river-severn,14
2001,river-severn,15
2092,river-severn,16
2039,river-severn,17
2081,river-severn,18
2022,river-severn,19
2041,river-severn,20
2078,river-severn,21
2031,river-severn,22
2166,river-severn,23
2167,river-severn,24
9030,river-severn,25
2063,river-severn,26
2051,river-severn,27
2059,river-severn,28
2071,river-severn,29
7121,river-shalbourne,1
8299,river-sheaf,1
8308,river-sheaf,2
8099,river-sheaf,3
9040,river-sheaf,4
3054,river-sheppey,1
9085,river-sherbourne,1
9096,river-sherbourne,2
9109,river-sherbourne,3
1039,river-shuttle,1
3240,river-sid,1
3233,river-sid,2
8006,river-skell,1
8030,river-skerne,1
8164,river-skerne,2
8108,river-skerne,3
8190,river-skerne,4
6069,river-slea,1
6070,river-slea,2
6064,river-slea,3
2213,river-smite,1
6267,river-snail,1
2187,river-soar,1
2136,river-soar,2
2158,river-soar,3
2142,river-soar,4
2132,river-soar,5
8007,river-south-tyne,1
8076,river-south-tyne,2
8356,river-south-tyne,3
9283,river-south-tyne,4
8095,river-south-tyne,5
2122,river-sow,1
9076,river-sow,2
2105,river-sow,3
9094,river-sowe,1
9095,river-sowe,2
3399,river-sowy,1
5130,river-sprint,1
9373,river-steeping,1
3418,river-stennack,1
7003,river-stert,1
6100,river-stiffkey,1
7348,river-stort,1
7350,river-stort,2
7351,river-stort,3
7353,river-stort,4
3297,river-stour-dorset,1
3296,river-stour-dorset,2
3306,river-stour-dorset,3
3305,river-stour-dorset,4
3302,river-stour-dorset,5
3295,river-stour-dorset,6
3303,river-stour-dorset,7
3300,river-stour-dorset,8
6131,river-stour-essex,1
6134,river-stour-essex,2
6126,river-stour-essex,3
6128,river-stour-essex,4
6137,river-stour-essex,5
2045,river-stour-warwickshire,1
9407,river-stour-warwickshire,2
2006,river-stour-warwickshire,3
9429,river-stour-worcestershire,1
2076,river-stour-worcestershire,2
2037,river-stour-worcestershire,3
2038,river-stour-worcestershire,4
9023,river-stour-worcestershire,5
3149,river-strat,1
2066,river-strine,1
8159,river-swale,1
8089,river-swale,2
8169,river-swale,3
8043,river-swale,4
8371,river-swale,5
8059,river-swale,6
8144,river-swale,7
9091,river-swarbourne,1
9216,river-swift-hampshire,1
9100,river-swift-warwickshire,1
3235,river-tale,1
3334,river-tamar,1
3336,river-tamar,2
3187,river-tamar,3
3203,river-tamar,4
3195,river-tamar,5
3201,river-tamar,6
5196,river-tame-greater-manchester,1
5143,river-tame-greater-manchester,2
5145,river-tame-greater-manchester,3
5023,river-tame-greater-manchester,4
5112,river-tame-greater-manchester,5
9071,river-tame-west-midlands,1
9062,river-tame-west-midlands,2
2135,river-tame-west-midlands,3
2140,river-tame-west-midlands,4
9061,river-tame-west-midlands,5
2098,river-tame-west-midlands,6
2134,river-tame-west-midlands,7
2131,river-tame-west-midlands,8
9060,river-tame-west-midlands,9
2025,river-tanat,1
3185,river-tavy,1
3340,river-tavy,2
3196,river-tavy,3
3100,river-taw,1
3123,river-taw,2
3113,river-taw,3
3106,river-taw,4
8359,river-team,1
8203,river-team,2
2149,river-tean,1
9075,river-tean,2
8138,river-tees,1
8014,river-tees,2
8034,river-tees,3
8315,river-tees,4
8129,river-tees,5
8223,river-tees,6
8366,river-tees,7
8372,river-tees,8
9459,river-teign,1
3214,river-teign,2
3206,river-teign,3
3226,river-teign,4
3361,river-teign,5
1170,river-teise,1
1078,river-teise,2
1087,river-teise,3
2090,river-teme,1
2053,river-teme,2
2057,river-teme,3
2086,river-teme,4
2005,river-teme,5
2178,river-teme,6
2021,river-teme,7
2040,river-teme,8
2008,river-tern,1
9229,river-test,1
9230,river-test,2
1161,river-test,3
9188,river-test,4
9190,river-test,5
9218,river-test,6
9219,river-test,7
9213,river-test,8
9236,river-test,9
9207,river-test,10
9189,river-test,11
7087,river-thame,1
7089,river-thame,2
7092,river-thame,3
7094,river-thame,4
7095,river-thame,5
7097,river-thame,6
7403,river-thame,7
7010,river-thames,1
7011,river-thames,2
7014,river-thames,3
7024,river-thames,4
7027,river-thames,5
7034,river-thames,6
7035,river-thames,7
7036,river-thames,8
7037,river-thames,9
7038,river-thames,10
7046,river-thames,11
7047,river-thames,12
7048,river-thames,13
7049,river-thames,14
7055,river-thames,15
7056,river-thames,16
7057,river-thames,17
7072,river-thames,18
7405,river-thames,19
7073,river-thames,20
7083,river-thames,21
7084,river-thames,22
7085,river-thames,23
7086,river-thames,24
7099,river-thames,25
7100,river-thames,26
7101,river-thames,27
7102,river-thames,28
7109,river-thames,29
7110,river-thames,30
7111,river-thames,31
7132,river-thames,32
7133,river-thames,33
7155,river-thames,34
7156,river-thames,35
7396,river-thames,36
7162,river-thames,37
7163,river-thames,38
7165,river-thames,39
7166,river-thames,40
7169,river-thames,41
7170,river-thames,42
7172,river-thames,43
7171,river-thames,44
7213,river-thames,45
7214,river-thames,46
7215,river-thames,47
7216,river-thames,48
7244,river-thames,49
7245,river-thames,50
7395,river-thames,51
7246,river-thames,52
7267,river-thames,53
7269,river-thames,54
7268,river-thames,55
7393,river-thames,56
7392,river-thames,57
7389,river-thames,58
7391,river-thames,59
7390,river-thames,60
7388,river-thames,61
9154,river-thames,62
7394,river-thames,63
7386,river-thames,64
6250,river-thet,1
6265,river-thet,2
6273,river-thet,3
6280,river-thet,4
3194,river-thrushel,1
3178,river-thrushel,2
6217,river-thurne,2
3179,river-tiddy,1
6114,river-till-lincolnshire,1
9277,river-till-northumberland,1
9278,river-till-northumberland,2
8290,river-till-northumberland,3
7239,river-tillingbourne,1
1125,river-tillingham,1
3083,river-tone,1
3082,river-tone,2
3364,river-tone,3
9126,river-tone,4
9125,river-tone,5
3073,river-tone,6
3124,river-torridge,1
3125,river-torridge,2
3126,river-torridge,3
3103,river-torridge,4
6157,river-tove,1
6151,river-tove,2
9068,river-trent,1
2116,river-trent,2
9077,river-trent,3
2137,river-trent,4
2099,river-trent,5
2104,river-trent,6
2108,river-trent,7
2152,river-trent,8
2100,river-trent,9
2217,river-trent,10
2102,river-trent,11
2185,river-trent,12
2109,river-trent,13
2128,river-trent,14
2145,river-trent,15
2144,river-trent,16
6096,river-tud,1
8227,river-tutt,1
8264,river-tweed,1
8263,river-tweed,2
8020,river-tweed,3
9024,river-twyver,1
2181,river-twyver,2
2219,river-twyver,3
9027,river-twyver,4
8357,river-tyne,1
9006,river-tyne,2
8354,river-tyne,3
8170,river-tyne,4
8040,river-tyne,5
8150,river-tyne,6
9257,river-uck,1
1119,river-uck,2
1108,river-uck,3
3357,river-umber,1
8011,river-ure,1
8113,river-ure,2
8133,river-ure,3
8176,river-ure,4
8215,river-ure,5
8028,river-ure,6
8004,river-ure,7
3401,river-valency,1
3402,river-valency,2
3138,river-valency,3
7178,river-ver,1
7180,river-ver,2
7182,river-ver,3
2020,river-vyrnwy,1
2035,river-vyrnwy,2
2060,river-vyrnwy,3
2003,river-vyrnwy,4
3102,river-waldon,1
3200,river-walkham,1
6269,river-wallington-cambridgeshire,1
9192,river-wallington-hampshire,1
1044,river-wallington-hampshire,2
7300,river-wandle,1
7301,river-wandle,2
7303,river-wandle,4
7305,river-wandle,5
7304,river-wandle,6
7309,river-wandle,7
8137,river-wansbeck,1
8139,river-wansbeck,2
8293,river-wansbeck,3
6046,river-waring,1
6088,river-waveney,1
6083,river-waveney,2
6204,river-waveney,3
6209,river-waveney,4
6207,river-waveney,5
6206,river-waveney,6
6212,river-waveney,7
8196,river-wear,1
8219,river-wear,2
8201,river-wear,3
8288,river-wear,4
8046,river-wear,5
5009,river-weaver,1
5202,river-weaver,2
5007,river-weaver,3
5065,river-weaver,4
5198,river-weaver,5
6023,river-welland,1
6025,river-welland,2
6024,river-welland,3
6030,river-welland,4
6020,river-welland,5
6028,river-welland,6
6029,river-welland,7
6018,river-welland,8
6006,river-welland,9
5012,river-wenning,1
5184,river-wenning,2
5148,river-wenning,3
5072,river-wenning,4
6098,river-wensum,1
6125,river-wensum,2
8245,river-went,1
8210,river-went,2
9041,river-went,3
8246,river-went,4
8367,river-west-allen,1
3377,river-wey-dorset,1
3287,river-wey-dorset,2
3291,river-wey-dorset,3
3353,river-wey-dorset,4
7226,river-wey-surrey,1
7227,river-wey-surrey,2
7230,river-wey-surrey,3
7229,river-wey-surrey,4
7231,river-wey-surrey,5
7232,river-wey-surrey,6
7240,river-wey-surrey,7
7401,river-wey-surrey,8
7409,river-wey-surrey,9
7242,river-wey-surrey,10
7243,river-wey-surrey,11
8110,river-wharfe,1
8276,river-wharfe,2
8277,river-wharfe,3
8001,river-wharfe,4
8106,river-wharfe,5
8156,river-wharfe,6
8163,river-wharfe,7
8010,river-wharfe,8
8052,river-wharfe,9
8080,river-wharfe,10
8202,river-wharfe,11
9053,river-wharfe,12
8050,river-wharfe,13
8278,river-wharfe,14
8078,river-wharfe,15
7144,river-whitewater,1
8181,river-whitting,1
6275,river-whittle,1
6148,river-wid,1
6201,river-wid,2
6200,river-wid,3
7040,river-windrush,1
7042,river-windrush,2
7043,river-windrush,3
7044,river-windrush,4
7045,river-windrush,5
3376,river-winterbourne,1
8207,river-wiske,1
8116,river-wiske,2
6259,river-wissey,1
6219,river-witham,1
6051,river-witham,2
6055,river-witham,3
6067,river-witham,4
6057,river-witham,5
6044,river-witham,6
6049,river-witham,7
6056,river-witham,8
6045,river-witham,9
6050,river-witham,10
6058,river-witham,11
6073,river-witham,12
6042,river-witham,13
6068,river-witham,14
6043,river-witham,15
3343,river-wolf,1
2016,river-worfe,1
8303,river-worth,1
8109,river-worth,2
9037,river-worth,3
2192,river-wreake,1
2218,river-wreake,2
2111,river-wreake,3
3063,river-wriggle,1
7302,river-wandle,3
4026,river-wye,1
4011,river-wye,2
4005,river-wye,3
4013,river-wye,4
4014,river-wye,5
4016,river-wye,6
4004,river-wye,7
4002,river-wye,8
4017,river-wye,9
4025,river-wye,10
4029,river-wye,11
2196,river-wye,12
4023,river-wye,13
4028,river-wye,14
7158,river-wye-buckinghamshire,1
7161,river-wye-buckinghamshire,2
2162,river-wye-derbyshire,1
2110,river-wye-derbyshire,2
3322,river-wylye,1
3326,river-wylye,2
3327,river-wylye,3
5001,river-wyre,1
5186,river-wyre,2
5055,river-wyre,3
9132,river-wyre,4
5030,river-wyre,5
5132,river-wyre,6
6095,river-yare,1
6205,river-yare,2
6214,river-yare,3
6208,river-yare,4
6213,river-yare,5
5111,river-yarrow,1
9114,river-yarrow,2
5038,river-yarrow,3
9115,river-yarrow,4
3231,river-yarty,1
3188,river-yealm,1
3193,river-yealm,2
3244,river-yeo-creedy,1
3128,river-yeo-lapford,1
3104,river-yeo-lapford,2
3098,river-yeo-lapford,3
3070,river-yeo-somerset,1
3074,river-yeo-somerset,2
3079,river-yeo-somerset,3
3071,river-yeo-somerset,4
8352,roall-dyke,1
5135,roe-beck,1
9102,rolleston-brook,1
8072,rookhope-burn,1
2189,rothley-brook,1
2125,rothley-brook,2
2225,rudhall-brook,1
6299,ruskington-beck,1
7358,rye-meads-effluent-channel,1
7356,rye-meads-effluent-channel,2
9460,sabden-brook,1
7259,salfords-stream-kent,1
1118,salfords-stream-sussex,1
7368,salmon-brook,1
7369,salmon-brook,2
1027,salt-haven,1
9273,sampford-brett-stream,1
6188,sandon-brook,1
9116,sandy-brook,1
9093,sandyford-brook,1
5031,sankey-brook,1
5069,sankey-brook,2
5085,sankey-brook,3
9108,saredon-brook,1
9363,scurf-dyke,1
9330,sea-cut,1
9331,sea-cut,2
8178,sea-cut,3
7074,seacourt-stream,1
9349,selby-dam,1
3046,semington-brook,1
9405,setting-dyke,1
9404,setting-dyke,2
5043,shaw-brook-tributary,1
3035,sherston-avon,1
3408,sherston-avon,2
7001,shill-brook,1
3308,shreen-water,1
3372,shreen-water,2
9453,shutterton-brook,1
7285,silk-stream,1
7286,silk-stream,2
8326,silsden-beck,1
6054,sincil-dyke,1
5107,sinderland-brook,1
9377,skeffling-drain,1
9372,skirting-beck,1
9371,skirting-beck,2
2203,slad-brook,1
2204,slad-brook,2
9415,slad-brook,3
8123,smallhope-burn,1
2091,smestow-brook,1
2032,smestow-brook,2
8351,snaith-ings,1
8127,snaizeholme-beck,1
9228,somborne-stream,1
3004,river-frome-somerset,1
3382,river-frome-somerset,2
3049,river-frome-somerset,3
7062,sor-brook,1
9280,south-brook,1
9401,south-cave-beck,1
6223,south-forty-foot-drain,1
6226,south-forty-foot-drain,2
6293,south-forty-foot-drain,3
7093,southcourt-brook,1
8256,spen-beck,1
8149,spen-beck,2
9014,spratford-stream,1
7316,spring-brook,1
3155,st-austell-river,1
3157,st-austell-river,2
3394,st-blazey-stream,1
7317,st-james-stream,1
5210,st-johns-beck,1
5139,st-johns-beck,2
3147,st-neot-river,1
6062,stainfield-beck,1
7349,stansted-brook,1
7338,stevenage-brook,1
5226,stock-beck,1
5215,stock-beck,2
5233,stock-beck,3
9447,stock-ghyll,1
6084,stonham-watercourse,1
6132,stour-brook,1
9026,sud-brook,1
2182,sud-brook,2
7108,sulham-brook,1
9268,sutton-beck,1
9276,swalecliffe-brook,1
3263,swan-brook,1
3333,swan-brook,2
6186,swavesey-drain,1
7012,swill-brook,1
8228,swinney-beck,1
,syd-brook,
3273,sydling-water,1
1151,tadburn-lake,1
8328,tang-hall-beck,1
9348,tang-hall-beck,2
9240,tanners-brook,1
1149,tanners-brook,2
3034,tetbury-avon,1
5212,thacka-beck,1
5204,thacka-beck,2
5208,thacka-beck,3
7318,the-beck,1
7167,the-cut,1
9118,the-cut,2
7398,the-cut,3
9381,the-fleet,1
3349,the-gissage,1
9412,the-moss,1
9444,the-porter-river,1
7272,the-roxbourne,1
7362,theobalds-brook,1
9368,thorngumbald-drain,1
8231,thornton-beck,1
3199,tory-brook,1
9393,town-beck,1
9242,town-beck,2
5187,trawden-brook,1
3170,tresillian-river,1
4021,trothy,1
9379,trout-beck-east-cumbria,1
5220,trout-beck-lake-district,1
8141,trout-beck-northumberland,1
4153,tryweryn,1
7367,turkey-brook,1
6263,twin,1
9337,ulley-brook,1
5166,ullswater,1
3228,umborne-brook,1
8182,usway-burn,1
5097,valley-brook,1
6233,waithe-beck,1
9187,walkford-brook,1
9314,waller-hill-beck,1
8094,waller-hill-beck,2
9172,wallop-brook,1
8211,walsden-water,1
8310,walsden-water,2
8267,waren-burn,1
8268,waren-burn,2
3141,warleggan-river,1
8304,wash-dike,1
8257,wash-dike,2
3089,washford-river,1
6294,washpit-brook,1
7287,wealdstone-brook,1
7288,wealdstone-brook,2
6123,weedon-beck,1
3002,wellow-brook,1
3048,wellow-brook,2
7070,wendlebury-brook,1
6097,wendling-beck,1
7090,wendover-springs,1
2169,wesley-brook,1
8324,west-bank-pond,1
9442,west-beck-county-durham,1
9224,west-brook-hampshire,1
9275,west-brook-kent,1
9360,west-clough,1
3212,west-dart-river,1
6228,west-fen-catchwater-drain,1
6026,west-glen-river,1
6036,west-glen-river,2
6031,west-glen-river,3
6027,west-glen-river,4
3358,west-lyn-river,1
3381,west-moor-drain,1
3105,west-okement-river,1
9341,west-okement-river,2
3066,west-sedgemoor-drain,1
9414,western-drain,1
9196,western-yar,1
6281,whaddon-brook-cambridgeshire,1
2228,whaddon-brook-gloucestershire,1
9036,wheelan-dyke,1
2160,whetstone-brook,1
9043,whiston-brook,1
1144,white-water-dyke,1
9285,whitley-beck,1
9035,whitley-brook,1
8225,willow-beck,2
8285,willow-beck,3
8224,willow-beck,1
6124,willow-brook,1
6106,willow-brook,2
5089,wincham-brook,1
5164,windermere,1
7222,windle-brook,1
9369,winestead-drain,1
9376,winestead-drain,2
3409,winford-brook,1
7125,winterbourne-stream-berkshire,1
9253,winterbourne-stream-sussex,1
3398,witcombe-bottom-main-drain,1
3190,withy-brook,1
9422,withycombe-brook,1
5216,wiza-beck,1
5221,wiza-beck,2
2168,wood-brook,1
9432,wool-brook,1
3017,woodbridge-brook,1
8051,wooler-water,1
8221,wooler-water,2
6103,wootton-brook,1
5193,worsley-brook,1
9117,wortley-beck,1
2226,wotton-brook-gloucestershire,1
2227,wotton-brook-gloucestershire,2
9435,wotton-brook-devon,1
7210,wraysbury-river,1
7209,wraysbury-river,2
4192,wych-brook,1
9411,wydon-burn,1
8251,wyke-beck,1
9392,wyke-beck,2
8316,wyke-beck,3
2201,wymans-brook,1
2200,wymans-brook,2
4033,yazor-brook,1
7270,yeading-brook,1
7271,yeading-brook,2
7274,yeading-brook,3
7275,yeading-brook,4
7273,yeading-brook-eastern-arm,1
9450,yeolands-stream,1
